t_s,hb
0,0.141148
0.011667,-0.110505
0.023333,0.082583
0.035,-0.060406
0.046667,0.040416
0.058333,-0.038345
0.07,-0.015989
0.081667,0.02013
0.093333,-0.01633
0.105,0.017621
0.116667,-0.023822
0.128333,0.048241
0.14,0.024257
0.151667,-0.033078
0.163333,0.021119
0.175,-0.009521
0.186667,0.005181
0.198333,-0.0318
0.21,-0.010371
0.221667,0.010912
0.233333,-0.014435
0.245,0.009629
0.256667,-0.004858
0.268333,-0.036087
0.28,-0.040456
0.291667,0.040352
0.303333,-0.036592
0.315,0.025075
0.326667,-0.013452
0.338333,-0.051021
0.35,-0.017509
0.361667,0.022155
0.373333,-0.022112
0.385,0.017418
0.396667,-0.013684
0.408333,-0.006402
0.42,-0.030886
0.431667,0.029742
0.443333,-0.026321
0.455,0.018135
0.466667,-0.006978
0.478333,-0.040063
0.49,-0.023302
0.501667,0.02311
0.513333,-0.018981
0.525,0.011574
0.536667,-0.00412
0.548333,-0.017918
0.56,-0.011557
0.571667,0.012814
0.583333,-0.011966
0.595,0.006811
0.606667,-0.000833
0.618333,-0.030828
0.63,-0.038028
0.641667,0.038023
0.653333,-0.031
0.665,0.01977
0.676667,-0.009117
0.688333,-0.016683
0.7,-0.021936
0.711667,0.020009
0.723333,-0.015295
0.735,0.006566
0.746667,0.000488
0.758333,-0.026873
0.77,-0.079081
0.781667,0.077977
0.793333,-0.062848
0.805,0.032836
0.816667,-0.011813
0.828333,-0.267304
0.84,0.171271
0.851667,-0.12917
0.863333,0.095231
0.875,-0.076207
0.886667,0.065291
0.898333,-0.099071
0.91,0.027902
0.921667,-0.012741
0.933333,0.000599
0.945,0.001302
0.956667,-0.003078
0.968333,-0.018491
0.98,-0.016021
0.991667,0.02156
1.003333,-0.021211
1.015,0.017296
1.026667,-0.007667
1.038333,-0.03115
1.05,-0.020352
1.061667,0.023832
1.073333,-0.025052
1.085,0.020314
1.096667,-0.015727
1.108333,-0.00497
1.12,-0.023453
1.131667,0.024843
1.143333,-0.023791
1.155,0.020088
1.166667,-0.015346
1.178333,-0.00293
1.19,-0.025375
1.201667,0.025167
1.213333,-0.023589
1.225,0.016491
1.236667,-0.008113
1.248333,-0.028252
1.26,-0.018744
1.271667,0.020952
1.283333,-0.01982
1.295,0.014891
1.306667,-0.009073
1.318333,-0.01147
1.33,-0.01658
1.341667,0.017322
1.353333,-0.015699
1.365,0.009964
1.376667,-0.002435
1.388333,-0.030776
1.4,-0.01687
1.411667,0.018826
1.423333,-0.017694
1.435,0.011438
1.446667,-0.005121
1.458333,-0.016453
1.47,-0.009942
1.481667,0.011328
1.493333,-0.010369
1.505,0.007734
1.516667,-0.004419
1.528333,-0.005773
1.54,-0.007346
1.551667,0.007398
1.563333,-0.007019
1.575,0.005045
1.586667,-0.002697
1.598333,-0.005494
1.61,-0.004991
1.621667,0.005306
1.633333,-0.0052
1.645,0.003337
1.656667,-0.001733
1.668333,-0.004836
1.68,-0.002938
1.691667,0.003863
1.703333,-0.003278
1.715,0.003455
1.726667,-0.003227
1.738333,0.005861
1.75,-0.000646
1.761667,0.000148
1.773333,-0.000117
1.785,0.001153
1.796667,-0.002884
1.808333,0.010549
1.82,0.002204
1.831667,-0.002507
1.843333,0.002102
1.855,0.000851
1.866667,-0.003977
1.878333,0.020644
1.89,0.008985
1.901667,-0.009973
1.913333,0.00851
1.925,-0.003109
1.936667,-0.003038
1.948333,0.031864
1.96,0.026701
1.971667,-0.02727
1.983333,0.022342
1.995,-0.011917
2.006667,0.001092
2.018333,0.03584
2.03,0.020332
2.041667,-0.019747
2.053333,0.015356
2.065,-0.003653
2.076667,-0.00808
2.088333,0.062119
2.1,0.031942
2.111667,-0.029629
2.123333,0.02503
2.135,-0.007367
2.146667,-0.00597
2.158333,0.095041
2.17,0.053735
2.181667,-0.048433
2.193333,0.037421
2.205,-0.015206
2.216667,-0.008307
2.228333,0.106405
2.24,0.026963
2.251667,-0.0288
2.263333,0.023646
2.275,0.000236
2.286667,-0.028744
2.298333,0.176228
2.31,-0.07063
2.321667,0.050327
2.333333,-0.034749
2.345,0.033037
2.356667,-0.033879
2.368333,0.092051
2.38,0.022118
2.391667,-0.02935
2.403333,0.028797
2.415,-0.019246
2.426667,0.009379
2.438333,0.037553
2.45,0.136268
2.461667,-0.124353
2.473333,0.106161
2.485,-0.068062
2.496667,0.033556
2.508333,0.100495
2.52,0.005177
2.531667,-0.010331
2.543333,0.010758
2.555,-0.002446
2.566667,-0.009893
2.578333,0.054272
2.59,-0.007731
2.601667,0.003282
2.613333,-0.001811
2.625,0.006512
2.636667,-0.013991
2.648333,0.057184
2.66,0.010714
2.671667,-0.013977
2.683333,0.013002
2.695,-0.004819
2.706667,-0.003688
2.718333,0.040571
2.73,0.025106
2.741667,-0.027234
2.753333,0.021896
2.765,-0.011906
2.776667,-0.00048
2.788333,0.057967
2.8,0.071134
2.811667,-0.063093
2.823333,0.051362
2.835,-0.028302
2.846667,0.007232
2.858333,0.061391
2.87,0.018261
2.881667,-0.019424
2.893333,0.015778
2.905,-0.001257
2.916667,-0.017565
2.928333,0.111339
2.94,-0.018048
2.951667,0.010336
2.963333,-0.005671
2.975,0.009272
2.986667,-0.013492
2.998333,0.042909
3.01,0.001709
3.021667,-0.005819
3.033333,0.005847
3.045,1.7e-05
3.056667,-0.008603
3.068333,0.047958
3.08,0.007397
3.091667,-0.009937
3.103333,0.009525
3.115,-0.005585
3.126667,0.002935
3.138333,0.002643
3.15,-0.000442
3.161667,0.000389
3.173333,-0.000447
3.185,-3.6e-05
3.196667,0.000746
3.208333,-0.001409
3.22,0.002503
3.231667,-0.002509
3.243333,0.002755
3.255,-0.001431
3.266667,-0.000465
3.278333,0.010468
3.29,0.003801
3.301667,-0.004601
3.313333,0.003853
3.325,-0.002521
3.336667,0.000874
3.348333,0.001375
3.36,-0.000509
3.371667,0.000709
3.383333,1.9e-05
3.395,-0.000853
3.406667,0.002572
3.418333,-0.004865
3.43,0.004793
3.441667,-0.003889
3.453333,0.003717
3.465,0.000614
3.476667,-0.007092
3.488333,0.044506
3.5,0.01429
3.511667,-0.01708
3.523333,0.01506
3.535,-0.00866
3.546667,0.001243
3.558333,0.022139
3.57,0.007391
3.581667,-0.007769
3.593333,0.006569
3.605,-0.001845
3.616667,-0.003239
3.628333,0.022338
3.64,0.001941
3.651667,-0.004029
3.663333,0.003327
3.675,-0.003177
3.686667,0.002859
3.698333,-0.007494
3.71,-0.000323
3.721667,0.001646
3.733333,-0.001135
3.745,0.002397
3.756667,-0.004188
3.768333,0.019844
3.78,0.005648
3.791667,-0.007383
3.803333,0.006689
3.815,-0.00306
3.826667,-0.0018
3.838333,0.019013
3.85,0.002801
3.861667,-0.00432
3.873333,0.003784
3.885,-0.002489
3.896667,0.001081
3.908333,0.001463
3.92,0.000502
3.931667,-0.000622
3.943333,0.00052
3.955,-8e-06
3.966667,-0.000775
3.978333,0.005624
3.99,0.002843
4.001667,-0.003298
4.013333,0.003156
4.025,-0.001622
4.036666,-0.000778
4.048333,0.011066
4.06,0.004426
4.071667,-0.004745
4.083333,0.004069
4.095,-0.001529
4.106667,-0.001069
4.118333,0.010003
4.13,0.001357
4.141666,-0.001788
4.153333,0.001842
4.165,-0.00203
4.176667,0.003687
4.188334,-0.012505
4.2,-0.001293
4.211667,0.003014
4.223333,-0.002595
4.235,0.002382
4.246666,-0.001042
4.258333,-0.000431
4.27,-0.002775
4.281667,0.00154
4.293333,-0.002142
4.305,-0.000969
4.316667,0.004351
4.328333,-0.030295
4.34,-0.014888
4.351666,0.016914
4.363333,-0.013854
4.375,0.005259
4.386667,0.00591
4.398333,-0.051425
4.41,-0.025944
4.421667,0.026339
4.433333,-0.023122
4.445,0.010781
4.456666,-0.000657
4.468333,-0.056427
4.48,-0.087578
4.491667,0.079794
4.503333,-0.063585
4.515,0.03823
4.526667,-0.012622
4.538333,-0.065144
4.55,-0.049577
4.561666,0.045695
4.573333,-0.036533
4.585,0.011486
4.596667,0.015401
4.608333,-0.140485
4.62,0.037122
4.631667,-0.025237
4.643333,0.018614
4.655,-0.023292
4.666667,0.032415
4.678333,-0.099016
4.69,0.006672
4.701667,0.001579
4.713333,-0.004496
4.725,-0.002771
4.736667,0.011718
4.748333,-0.066116
4.76,-0.030486
4.771667,0.032891
4.783333,-0.028545
4.795,0.015346
4.806666,-0.002138
4.818333,-0.052411
4.83,-0.059149
4.841667,0.05596
4.853333,-0.046049
4.865,0.025996
4.876667,-0.009129
4.888333,-0.060528
4.9,-0.115125
4.911666,0.09902
4.923333,-0.078988
4.935,0.046372
4.946667,-0.013939
4.958333,-0.135159
4.97,0.029197
4.981667,-0.019733
4.993333,0.013931
5.005,-0.0163
5.016666,0.019526
5.028333,-0.043424
5.04,0.004121
5.051667,-0.001066
5.063333,0.000405
5.075,-0.006254
5.086667,0.013738
5.098333,-0.063008
5.11,-0.029971
5.121666,0.03028
5.133333,-0.023686
5.145,0.010469
5.156667,0.00427
5.168333,-0.052868
5.18,-0.023063
5.191667,0.023403
5.203333,-0.019487
5.215,0.004864
5.226666,0.010267
5.238333,-0.112569
5.25,-0.023717
5.261667,0.023025
5.273333,-0.020052
5.285,0.00755
5.296667,0.006105
5.308333,-0.06751
5.32,-0.009566
5.331666,0.013393
5.343333,-0.012628
5.355,0.003274
5.366667,0.008057
5.378333,-0.057284
5.39,-0.013079
5.401667,0.015694
5.413333,-0.013046
5.425,0.003106
5.436666,0.009205
5.448333,-0.06621
5.46,-0.017732
5.471667,0.020252
5.483333,-0.017863
5.495,0.006373
5.506667,0.00683
5.518333,-0.068601
5.53,-0.01793
5.541667,0.021165
5.553333,-0.01841
5.565,0.007924
5.576667,0.005816
5.588333,-0.059757
5.6,-0.010653
5.611667,0.013434
5.623333,-0.01257
5.635,0.00353
5.646667,0.006776
5.658333,-0.053072
5.67,-0.006546
5.681666,0.010719
5.693333,-0.009319
5.705,0.00523
5.716667,0.001154
5.728333,-0.02051
5.74,-0.011529
5.751667,0.011328
5.763333,-0.010068
5.775,0.003541
5.786666,0.002409
5.798333,-0.037057
5.81,-0.035736
5.821667,0.03583
5.833333,-0.029288
5.845,0.017442
5.856667,-0.00503
5.868333,-0.031999
5.88,-0.02711
5.891666,0.02584
5.903333,-0.020597
5.915,0.008305
5.926667,0.004328
5.938333,-0.056449
5.95,-0.015996
5.961667,0.018124
5.973333,-0.013884
5.985,0.004222
5.996666,0.008314
6.008333,-0.048496
6.02,-0.001623
6.031667,0.003506
6.043333,-0.002826
6.055,0.000129
6.066667,-0.000118
6.078333,0.005796
6.09,0.012541
6.101666,-0.014735
6.113333,0.012997
6.125,-0.008089
6.136667,-0.00144
6.148333,0.035631
6.16,0.017202
6.171667,-0.018633
6.183333,0.016973
6.195,-0.007478
6.206666,-0.005761
6.218333,0.068642
6.23,-0.00111
6.241667,-0.004497
6.253333,0.006988
6.265,-0.001345
6.276667,-0.008779
6.288333,0.055014
6.3,-0.002134
6.311666,-0.003379
6.323333,0.005139
6.335,0.002157
6.346667,-0.012976
6.358333,0.074146
6.37,0.0129
6.381667,-0.018408
6.393333,0.017369
6.405,-0.008208
6.416667,-0.002488
6.428333,0.052902
6.44,0.053444
6.451666,-0.051615
6.463333,0.045725
6.475,-0.030849
6.486667,0.024739
6.498333,-0.060311
6.51,-0.170408
6.521667,0.132789
6.533333,-0.096805
6.545,0.078504
6.556666,-0.067348
6.568333,0.114605
6.58,-0.00984
6.591667,-0.006508
6.603333,0.014013
6.615,-0.00749
6.626667,-0.003149
6.638333,0.085211
6.65,0.051123
6.661666,-0.052204
6.673333,0.049827
6.685,-0.033699
6.696667,0.020528
6.708333,0.075382
6.72,0.091394
6.731667,-0.081477
6.743333,0.070509
6.755,-0.047578
6.766666,0.025507
6.778333,0.065701
6.79,0.050552
6.801667,-0.050077
6.813333,0.044606
6.825,-0.027457
6.836667,0.008792
6.848333,0.072097
6.86,0.033834
6.871666,-0.03531
6.883333,0.032201
6.895,-0.018839
6.906667,0.003499
6.918333,0.062665
6.93,0.021088
6.941667,-0.023757
6.953333,0.021064
6.965,-0.01136
6.976666,-0.000408
6.988333,0.044168
7,0.013974
7.011667,-0.01501
7.023333,0.014346
7.035,-0.00454
7.046667,-0.00426
7.058333,0.061003
7.07,0.049788
7.081666,-0.048344
7.093333,0.040082
7.105,-0.024218
7.116667,0.009721
7.128333,0.038969
7.14,0.088118
7.151667,-0.083928
7.163333,0.069652
7.175,-0.041067
7.186666,0.014974
7.198333,0.090017
7.21,0.030396
7.221667,-0.028642
7.233333,0.023529
7.245,-0.01277
7.256667,0.002892
7.268333,0.027491
7.28,0.015064
7.291667,-0.013168
7.303333,0.008581
7.315,0.006165
7.326666,-0.025813
7.338333,0.096088
7.35,-0.039776
7.361667,0.029212
7.373333,-0.022057
7.385,0.021461
7.396667,-0.02324
7.408333,0.048527
7.42,-0.007146
7.431666,0.0016
7.443333,0.000105
7.455,0.003111
7.466667,-0.009224
7.478333,0.03778
7.49,0.002016
7.501667,-0.004926
7.513333,0.004932
7.525,-0.001018
7.536666,-0.003509
7.548333,0.023199
7.56,0.005333
7.571667,-0.006924
7.583333,0.006848
7.595,-0.004113
7.606667,0.001184
7.618333,0.0126
7.63,0.008222
7.641666,-0.009544
7.653333,0.007488
7.665,-0.002263
7.676667,-0.007195
7.688333,0.052965
7.7,0.027305
7.711667,-0.027972
7.723333,0.024878
7.735,-0.012823
7.746666,0.001183
7.758333,0.045273
7.77,0.022207
7.781667,-0.023315
7.793333,0.019894
7.805,-0.009086
7.816667,-0.002365
7.828333,0.043565
7.84,0.006217
7.851666,-0.008036
7.863333,0.007583
7.875,-0.004693
7.886667,0.003934
7.898333,-0.003616
7.91,0.000867
7.921667,-0.000277
7.933333,-0.000574
7.945,0.002595
7.956666,-0.007006
7.968333,0.030497
7.98,0.006522
7.991667,-0.008782
8.003333,0.008054
8.015,-0.003596
8.026667,-0.001437
8.038333,0.018428
8.05,0.003428
8.061666,-0.003941
8.073333,0.003603
8.085,-0.001354
8.096666,-0.000285
8.108334,0.008035
8.12,0.003441
8.131666,-0.002976
8.143333,0.002874
8.155,-0.000584
8.166667,-0.000635
8.178333,0.007383
8.19,0.000586
8.201667,-0.00118
8.213333,0.000639
8.224999,1.3e-05
8.236667,-0.000212
8.248333,-0.004373
8.26,-0.00737
8.271667,0.007107
8.283333,-0.005888
8.295,0.001067
8.306666,0.004502
8.318334,-0.027773
8.33,-0.004738
8.341666,0.005574
8.353333,-0.005726
8.365,0.005322
8.376667,-0.009369
8.388333,0.033592
8.4,0.012777
8.411667,-0.015064
8.423333,0.013646
8.434999,-0.008653
8.446667,0.003904
8.458333,0.008133
8.47,0.006105
8.481667,-0.004851
8.493333,0.003438
8.505,0.000858
8.516666,-0.005354
8.528334,0.026546
8.54,0.008319
8.551666,-0.009524
8.563334,0.009183
8.575,-0.006085
8.586666,0.005364
8.598333,-0.004081
8.61,-6e-06
8.621667,0.00113
8.633333,-0.003032
8.645,0.004469
8.656667,-0.006658
8.668333,0.008499
8.68,-0.009404
8.691667,0.007501
8.703333,-0.005392
8.715,-0.004095
8.726666,0.017476
8.738333,-0.120702
8.75,0.00059
8.761666,0.004668
8.773334,-0.007397
8.785,-0.000447
8.796666,0.008722
8.808333,-0.051929
8.82,-0.001874
8.831667,0.007865
8.843333,-0.009047
8.855,0.00758
8.866667,-0.005534
8.878333,0.002745
8.89,-0.001039
8.901667,0.000514
8.913333,-0.000136
8.925,0.001713
8.936666,-0.00364
8.948333,0.010649
8.96,-0.001224
8.971666,0.000959
8.983334,-0.002065
8.995,0.003807
9.006666,-0.007605
9.018333,0.024964
9.03,0.002331
9.041667,-0.003475
9.053333,0.00308
9.065,0.002116
9.076667,-0.008969
9.088333,0.039169
9.099999,0.004227
9.111667,-0.006428
9.123333,0.005765
9.135,-0.001528
9.146667,-0.002518
9.158333,0.019165
9.17,0.017917
9.181666,-0.017844
9.193334,0.013751
9.205,-0.005487
9.216666,-0.001926
9.228333,0.043979
9.24,0.107871
9.251667,-0.093552
9.263333,0.073352
9.275,-0.043413
9.286667,0.020424
9.298333,0.039233
9.309999,0.017849
9.321667,-0.016939
9.333333,0.010553
9.345,-0.005221
9.356667,0.003884
9.368333,-0.04247
9.38,-0.023053
9.391666,0.025315
9.403334,-0.023436
9.415,0.012159
9.426666,0.002924
9.438334,-0.047758
9.45,0.013872
9.461666,-0.005122
9.473333,-0.000866
9.485,0.006232
9.496667,-0.012596
9.508333,0.031591
9.52,-0.012579
9.531667,0.011912
9.543333,-0.011348
9.555,0.009039
9.566667,-0.000308
9.578333,-0.039718
9.59,-0.006992
9.601666,0.011979
9.613333,-0.014169
9.625,0.009664
9.636666,-0.002397
9.648334,-0.035886
9.66,-0.015481
9.671666,0.019721
9.683333,-0.019657
9.695,0.01331
9.706667,-0.00381
9.718333,-0.036744
9.73,-0.013349
9.741667,0.016298
9.753333,-0.017042
9.765,0.011391
9.776667,-0.004865
9.788333,-0.030479
9.8,-0.021961
9.811666,0.024737
9.823333,-0.021936
9.835,0.012641
9.846666,0.000518
9.858334,-0.063758
9.87,-0.031136
9.881666,0.0324
9.893333,-0.029069
9.905,0.016234
9.916667,-0.003727
9.928333,-0.050145
9.94,-0.043227
9.951667,0.043368
9.963333,-0.037589
9.974999,0.023442
9.986667,-0.012286
9.998333,-0.036914
10.01,-0.190831
10.021667,0.154084
10.033333,-0.122591
10.045,0.077683
10.056666,-0.038916
10.068334,-0.093734
10.08,-0.015894
10.091666,0.016497
10.103333,-0.011851
10.115,-0.005095
10.126666,0.026405
10.138333,-0.111103
10.15,0.018545
10.161667,-0.011017
10.173333,0.00832
10.184999,-0.01626
10.196667,0.024817
10.208333,-0.091579
10.22,-0.054813
10.231667,0.050038
10.243333,-0.041324
10.255,0.021948
10.266666,-0.007604
10.278334,-0.054267
10.29,-0.172299
10.301666,0.138346
10.313334,-0.10756
10.325,0.065252
10.336666,-0.026504
10.348333,-0.127246
10.36,0.017893
10.371667,-0.013387
10.383333,0.010804
10.395,-0.019032
10.406667,0.027625
10.418333,-0.075312
10.43,-0.007502
10.441667,0.011672
10.453333,-0.007436
10.465,-0.004828
10.476666,0.018983
10.488333,-0.081431
10.5,-0.044204
10.511666,0.038884
10.523334,-0.029519
10.535,0.007497
10.546666,0.01183
10.558333,-0.100685
10.57,-0.014711
10.581667,0.015411
10.593333,-0.010947
10.605,-0.003479
10.616667,0.020378
10.628333,-0.101639
10.639999,-0.002858
10.651667,0.006614
10.663333,-0.005491
10.675,-0.005061
10.686666,0.017641
10.698333,-0.073499
10.71,0.000131
10.721666,0.003975
10.733334,-0.003239
10.745,-0.005069
10.756666,0.015681
10.768333,-0.063472
10.78,-0.003606
10.791667,0.006988
10.803333,-0.005576
10.815,-0.002126
10.826667,0.011903
10.838333,-0.052379
10.849999,-0.007031
10.861667,0.009684
10.873333,-0.008231
10.885,0.000806
10.896667,0.007479
10.908333,-0.043247
10.92,-0.011531
10.931666,0.013166
10.943334,-0.010297
10.955,0.002062
10.966666,0.00744
10.978333,-0.044111
10.99,-0.008933
11.001666,0.010889
11.013333,-0.00898
11.025,0.003357
11.036667,0.002132
11.048333,-0.021889
11.059999,-0.011968
11.071667,0.011522
11.083333,-0.008529
11.095,0.002956
11.106667,0.000624
11.118333,-0.007158
11.13,0.008511
11.141666,-0.008055
11.153334,0.008205
11.165,-0.00267
11.176666,-0.006467
11.188334,0.052738
11.2,0.003566
11.211666,-0.007944
11.223333,0.008934
11.235,-0.002944
11.246667,-0.005055
11.258333,0.044519
11.27,0.008552
11.281667,-0.012086
11.293333,0.012274
11.305,-0.005773
11.316667,-0.002577
11.328333,0.0424
11.34,0.014679
11.351666,-0.017487
11.363333,0.01637
11.375,-0.008824
11.386666,6.3e-05
11.398334,0.038274
11.41,0.019709
11.421666,-0.021493
11.433333,0.019155
11.445,-0.011075
11.456667,0.002131
11.468333,0.034246
11.48,0.025918
11.491667,-0.026392
11.503333,0.022568
11.514999,-0.011582
11.526667,-0.000122
11.538333,0.052364
11.55,0.044492
11.561666,-0.044096
11.573333,0.035785
11.585,-0.017811
11.596666,-0.002991
11.608334,0.094435
11.62,0.01157
11.631666,-0.014568
11.643333,0.014641
11.655,-0.003805
11.666667,-0.007427
11.678333,0.063123
11.69,0.015805
11.701667,-0.019959
11.713333,0.017398
11.724999,-0.007297
11.736667,-0.005882
11.748333,0.062561
11.76,0.026339
11.771667,-0.027023
11.783333,0.02404
11.795,-0.011973
11.806666,0.00055
11.818334,0.050266
11.83,0.028617
11.841666,-0.029527
11.853333,0.024143
11.865,-0.013903
11.876666,0.001849
11.888333,0.035285
11.9,0.014357
11.911667,-0.013851
11.923333,0.011236
11.934999,-0.001824
11.946667,-0.007646
11.958333,0.061427
11.97,0.048699
11.981667,-0.045619
11.993333,0.037817
12.005,-0.017416
12.016666,-0.002712
12.028333,0.097054
12.04,0.007918
12.051666,-0.012761
12.063334,0.012427
12.075,-0.003178
12.086666,-0.010364
12.098333,0.066966
12.11,-0.009009
12.121667,0.003013
12.133333,-0.000294
12.145,0.003854
12.156667,-0.010099
12.168333,0.043871
12.18,0.004749
12.191667,-0.008391
12.203333,0.007162
12.215,0.002258
12.226666,-0.015627
12.238333,0.091811
12.25,0.016122
12.261666,-0.019158
12.273334,0.018441
12.285,-0.007821
12.296666,-0.001863
12.308333,0.055282
12.32,0.067973
12.331667,-0.065569
12.343333,0.05622
12.355,-0.035242
12.366667,0.017257
12.378333,0.072455
12.389999,0.099573
12.401667,-0.084385
12.413333,0.068961
12.425,-0.043978
12.436666,0.019501
12.448333,0.044694
12.46,0.012449
12.471666,-0.012287
12.483334,0.008448
12.495,0.00275
12.506666,-0.017036
12.518333,0.076553
12.53,-0.003093
12.541666,-0.000415
12.553333,1.7e-05
12.565,0.006868
12.576667,-0.014671
12.588333,0.052179
12.599999,0.007448
12.611667,-0.010075
12.623333,0.008133
12.635,0.000189
12.646667,-0.009593
12.658333,0.046522
12.67,0.008772
12.681666,-0.010115
12.693334,0.008076
12.705,-0.00101
12.716666,-0.0059
12.728333,0.034559
12.74,0.009148
12.751666,-0.009871
12.763333,0.007955
12.775,-0.001076
12.786667,-0.006563
12.798333,0.039787
12.809999,0.008601
12.821667,-0.008495
12.833333,0.008442
12.845,0.002708
12.856667,-0.01385
12.868333,0.074258
12.88,-0.002809
12.891666,-0.003108
12.903333,0.003644
12.915,0.001499
12.926666,-0.00948
12.938334,0.041155
12.95,0.003283
12.961666,-0.006296
12.973333,0.006034
12.985,-0.002372
12.996667,-0.001232
13.008333,0.013706
13.02,0.001841
13.031667,-0.002623
13.043333,0.002209
13.055,-0.000324
13.066667,-0.002504
13.078333,0.015747
13.09,0.004952
13.101666,-0.005722
13.113333,0.005726
13.125,-0.001264
13.136666,-0.002979
13.148334,0.027396
13.16,0.006307
13.171666,-0.008143
13.183333,0.007389
13.195,-0.003056
13.206667,-0.002202
13.218333,0.023468
13.23,0.011806
13.241667,-0.0123
13.253333,0.010898
13.264999,-0.006154
13.276667,0.00289
13.288333,0.005682
13.3,0.003199
13.311666,-0.002884
13.323333,0.00213
13.335,-0.000471
13.346666,-0.001823
13.358334,0.014489
13.37,0.015171
13.381666,-0.015375
13.393333,0.013279
13.405,-0.004928
13.416666,-0.005289
13.428333,0.055314
13.44,0.033316
13.451667,-0.031502
13.463333,0.027408
13.474999,-0.012428
13.486667,-0.001248
13.498333,0.055841
13.51,0.014043
13.521667,-0.01665
13.533333,0.014276
13.545,-0.004317
13.556666,-0.008071
13.568334,0.060432
13.58,0.007808
13.591666,-0.010554
13.603333,0.01006
13.615,-0.004056
13.626666,-0.001763
13.638333,0.023585
13.65,0.002668
13.661667,-0.003617
13.673333,0.002708
13.684999,0.000586
13.696667,-0.00466
13.708333,0.020895
13.72,0.003529
13.731667,-0.004653
13.743333,0.00458
13.755,-0.002446
13.766666,0.001606
13.778333,-0.003588
13.79,-0.005837
13.801666,0.006576
13.813334,-0.006428
13.825,0.003608
13.836666,0.000353
13.848333,-0.022602
13.86,-0.062035
13.871667,0.061931
13.883333,-0.048736
13.895,0.02068
13.906667,0.006888
13.918333,-0.20161
13.929999,0.09122
13.941667,-0.065066
13.953333,0.046542
13.965,-0.043009
13.976666,0.050846
13.988333,-0.118604
14,0.040635
14.011666,-0.022991
14.023334,0.011
14.035,-0.011471
14.046666,0.018756
14.058333,-0.092164
14.07,-0.005797
14.081667,0.015811
14.093333,-0.020223
14.105,0.015521
14.116667,-0.00839
14.128333,-0.032514
14.139999,-0.034681
14.151667,0.037911
14.163333,-0.035852
14.175,0.025038
14.186666,-0.01318
14.198333,-0.048946
14.21,-0.066903
14.221666,0.064287
14.233334,-0.055022
14.245,0.036954
14.256666,-0.019186
14.268333,-0.051786
14.28,-0.078359
14.291666,0.071785
14.303333,-0.06147
14.315,0.037014
14.326667,-0.016728
14.338333,-0.0805
14.349999,-0.059034
14.361667,0.055249
14.373333,-0.045991
14.385,0.024721
14.396667,-0.001369
14.408333,-0.106465
14.42,-0.011108
14.431666,0.015861
14.443334,-0.016158
14.455,0.004218
14.466666,0.010684
14.478333,-0.089816
14.49,-0.013572
14.501666,0.018594
14.513333,-0.018318
14.525,0.007349
14.536667,0.005581
14.548333,-0.070068
14.559999,-0.022979
14.571667,0.025982
14.583333,-0.023601
14.595,0.012725
14.606667,-0.000807
14.618333,-0.048937
14.63,-0.03072
14.641666,0.031589
14.653333,-0.027049
14.665,0.016008
14.676666,-0.005828
14.688334,-0.029186
14.7,-0.027088
14.711666,0.02639
14.723333,-0.020929
14.735,0.012305
14.746667,-0.003677
14.758333,-0.014136
14.77,-0.002565
14.781667,0.001228
14.793333,-0.001431
14.804999,-0.001304
14.816667,0.000507
14.828333,-0.000369
14.84,0.004377
14.851666,-0.003068
14.863333,0.003774
14.875,-0.001166
14.886666,7.3e-05
14.898334,0.009449
14.91,0.00162
14.921666,-0.003466
14.933333,0.002893
14.945,-0.003095
14.956667,0.00057
14.968333,0.005298
14.98,0.006804
14.991667,-0.006481
15.003333,0.006183
15.014999,-0.001724
15.026667,-0.00383
15.038333,0.032462
15.05,0.008556
15.061666,-0.0105
15.073333,0.009525
15.085,-0.004681
15.096666,-0.000355
15.108334,0.01644
15.12,0.002137
15.131666,-0.003202
15.143333,0.002821
15.155,-0.002888
15.166666,0.003925
15.178333,-0.011142
15.19,-0.001893
15.201667,0.00347
15.213333,-0.00328
15.224999,0.002185
15.236667,0.000915
15.248333,-0.014168
15.26,-0.009116
15.271667,0.008224
15.283333,-0.006964
15.295,-0.001307
15.306666,0.010068
15.318333,-0.052721
15.33,-0.003715
15.341666,0.008215
15.353333,-0.006609
15.365,0.007664
15.376666,-0.010498
15.388333,0.049975
15.4,0.024776
15.411667,-0.027739
15.423333,0.023937
15.434999,-0.0159
15.446667,0.006299
15.458333,0.016254
15.47,0.006535
15.481667,-0.005332
15.493333,0.004364
15.505,0.001984
15.516666,-0.00835
15.528333,0.045275
15.54,0.013166
15.551666,-0.015788
15.563334,0.013296
15.575,-0.009828
15.586666,0.008199
15.598333,-0.018632
15.61,-0.006638
15.621667,0.0087
15.633333,-0.008535
15.645,0.005809
15.656667,-0.00432
15.668333,0.005556
15.679999,0.006216
15.691667,-0.00639
15.703333,0.006607
15.715,-0.000789
15.726666,-0.006411
15.738333,0.04787
15.75,0.016676
15.761666,-0.018577
15.773334,0.015647
15.785,-0.007791
15.796666,-0.001023
15.808333,0.02782
15.82,0.007291
15.831666,-0.008136
15.843333,0.007222
15.855,-0.00234
15.866667,-0.00229
15.878333,0.02715
15.889999,0.02285
15.901667,-0.023659
15.913333,0.017333
15.925,-0.008439
15.936666,-0.001869
15.948333,0.027573
15.96,0.015938
15.971666,-0.012852
15.983334,0.011275
15.995,-0.003855
16.006666,0.006482
16.018333,-0.215632
16.030001,0.106846
16.041666,-0.077019
16.053333,0.055786
16.065001,-0.031999
16.076666,0.007832
16.088333,0.060715
16.1,-0.000322
16.111666,-0.000809
16.123333,-0.001046
16.135,0.010232
16.146666,-0.02151
16.158333,0.066427
16.17,-0.011631
16.181667,0.008072
16.193333,-0.008203
16.205,0.013427
16.216667,-0.02018
16.228333,0.049632
16.24,-0.006469
16.251667,0.004161
16.263332,-0.004657
16.275,0.01061
16.286667,-0.018009
16.298332,0.053363
16.309999,-0.000267
16.321667,-0.00241
16.333334,0.001146
16.344999,0.00476
16.356667,-0.011096
16.368334,0.035027
16.379999,-0.00247
16.391666,0.000657
16.403334,-0.001093
16.414999,0.003827
16.426666,-0.006649
16.438334,0.018407
16.449999,4.3e-05
16.461666,-0.000201
16.473333,-0.000694
16.485001,0.005696
16.496666,-0.011576
16.508333,0.038553
16.52,0.002103
16.531666,-0.004278
16.543333,0.003729
16.555,-0.003207
16.566666,0.005423
16.578333,-0.024068
16.59,-0.007939
16.601667,0.010887
16.613333,-0.011263
16.625,0.009666
16.636667,-0.008244
16.648333,0.005046
16.66,-0.008078
16.671667,0.006504
16.683332,-0.005163
16.695,0.000592
16.706667,0.005716
16.718332,-0.043566
16.73,-0.027368
16.741667,0.028589
16.753334,-0.024628
16.764999,0.0121
16.776667,0.000504
16.788334,-0.058135
16.799999,-0.068418
16.811666,0.063553
16.823334,-0.053307
16.834999,0.032682
16.846666,-0.018734
16.858334,-0.044109
16.869999,-0.206407
16.881666,0.160044
16.893333,-0.123109
16.905001,0.079824
16.916666,-0.039053
16.928333,-0.065756
16.940001,-0.014237
16.951666,0.012755
16.963333,-0.007217
16.975,-0.008522
16.986666,0.027181
16.998333,-0.105099
17.01,0.012889
17.021666,-0.008393
17.033333,0.008129
17.045,-0.01727
17.056667,0.027599
17.068333,-0.084913
17.08,-0.012049
17.091667,0.014192
17.103333,-0.010116
17.115,-0.002573
17.126667,0.016052
17.138332,-0.067802
17.15,-0.016965
17.161667,0.017311
17.173332,-0.012863
17.184999,0.000973
17.196667,0.00847
17.208334,-0.054123
17.219999,-0.109207
17.231667,0.096818
17.243334,-0.07494
17.254999,0.040454
17.266666,-0.006093
17.278334,-0.09223
17.289999,0.000938
17.301666,0.001075
17.313334,0.00069
17.324999,-0.01298
17.336666,0.028514
17.348333,-0.099415
17.360001,0.025321
17.371666,-0.017604
17.383333,0.015314
17.395,-0.018337
17.406666,0.024679
17.418333,-0.056172
17.43,0.007636
17.441666,-0.004088
17.453333,0.003538
17.465,-0.010036
17.476665,0.017962
17.488333,-0.060488
17.5,-0.002265
17.511667,0.006184
17.523333,-0.00465
17.535,-0.001274
17.546667,0.009041
17.558332,-0.037629
17.57,-0.005743
17.581667,0.00718
17.593332,-0.00573
17.605,-0.000938
17.616667,0.008763
17.628334,-0.042195
17.639999,-0.00904
17.651667,0.010466
17.663334,-0.008316
17.674999,0.002367
17.686666,0.004284
17.698334,-0.02811
17.709999,-0.003525
17.721666,0.00492
17.733334,-0.003473
17.744999,3e-05
17.756666,0.004318
17.768333,-0.017351
17.780001,0.000168
17.791666,0.000102
17.803333,-0.000566
17.815001,-0.002403
17.826666,0.005191
17.838333,-0.023343
17.85,-0.002923
17.861666,0.004944
17.873333,-0.004083
17.885,-0.000455
17.896666,0.008001
17.908333,-0.041505
17.92,-0.014322
17.931667,0.016152
17.943333,-0.014107
17.955,0.006943
17.966667,0.000258
17.978333,-0.027172
17.99,-0.00683
18.001667,0.007485
18.013332,-0.005541
18.025,0.000827
18.036667,0.004526
18.048332,-0.018541
18.059999,0.004622
18.071667,-0.00311
18.083334,0.002652
18.094999,-3.1e-05
18.106667,-0.004888
18.118334,0.033866
18.129999,0.020206
18.141666,-0.021622
18.153334,0.019043
18.164999,-0.009739
18.176666,-0.000355
18.188334,0.041505
18.199999,0.026779
18.211666,-0.027713
18.223333,0.023288
18.235001,-0.011315
18.246666,-0.002097
18.258333,0.061493
18.27,0.032956
18.281666,-0.032506
18.293333,0.02726
18.305,-0.012731
18.316666,-0.003629
18.328333,0.080968
18.34,0.019429
18.351665,-0.020553
18.363333,0.016945
18.375,-0.001896
18.386667,-0.015896
18.398333,0.081117
18.41,-0.003947
18.421667,-0.002526
18.433332,0.003746
18.445,0.004525
18.456667,-0.013464
18.468332,0.082356
18.48,0.073014
18.491667,-0.060759
18.503334,0.05543
18.514999,-0.039256
18.526667,0.040696
18.538334,-0.203039
18.549999,0.073782
18.561666,-0.04807
18.573334,0.033984
18.584999,-0.013684
18.596666,-0.002605
18.608334,0.096694
18.619999,0.030591
18.631666,-0.027545
18.643333,0.021916
18.655001,-0.005596
18.666666,-0.010647
18.678333,0.078907
18.690001,0.016635
18.701666,-0.019602
18.713333,0.014863
18.725,-0.001909
18.736666,-0.014101
18.748333,0.064943
18.76,-0.003081
18.771666,0.001631
18.783333,-0.002911
18.795,0.011947
18.806667,-0.021963
18.818333,0.075105
18.83,0.003162
18.841667,-0.006033
18.853333,0.004235
18.865,0.003636
18.876667,-0.011903
18.888332,0.043584
18.9,0.003921
18.911667,-0.005454
18.923332,0.003259
18.934999,0.003899
18.946667,-0.01144
18.958334,0.042095
18.969999,0.007553
18.981667,-0.008741
18.993334,0.006362
19.004999,-0.001632
19.016666,-0.002396
19.028334,0.011508
19.039999,-0.001317
19.051666,0.002178
19.063334,-0.003204
19.074999,0.007454
19.086666,-0.013332
19.098333,0.047961
19.110001,0.013699
19.121666,-0.013267
19.133333,0.012758
19.145,0.000839
19.156666,-0.012823
19.168333,0.089638
19.18,0.009061
19.191666,-0.014135
19.203333,0.012235
19.215,-0.002881
19.226665,-0.010754
19.238333,0.064385
19.25,0.004363
19.261667,-0.007936
19.273333,0.008793
19.285,-0.001202
19.296667,-0.007013
19.308332,0.047214
19.32,0.010061
19.331667,-0.013178
19.343332,0.010851
19.355,-0.00384
19.366667,-0.00577
19.378332,0.043115
19.389999,0.013309
19.401667,-0.014888
19.413334,0.013496
19.424999,-0.005239
19.436666,-0.002372
19.448334,0.040054
19.459999,0.039928
19.471666,-0.039668
19.483334,0.032443
19.494999,-0.019165
19.506666,0.007805
19.518333,0.021865
19.530001,0.05931
19.541666,-0.056914
19.553333,0.043071
19.565001,-0.01929
19.576666,0.00221
19.588333,0.223947
19.6,-0.105679
19.611666,0.077742
19.623333,-0.056554
19.635,0.047248
19.646666,-0.047466
19.658333,0.087027
19.67,-0.033301
19.681667,0.019073
19.693333,-0.009565
19.705,0.007164
19.716667,-0.009236
19.728333,0.039037
19.74,0.008949
19.751667,-0.014116
19.763332,0.016659
19.775,-0.011795
19.786667,0.005932
19.798332,0.030551
19.809999,0.027022
19.821667,-0.029998
19.833334,0.02761
19.844999,-0.020397
19.856667,0.012331
19.868334,0.016742
19.879999,0.035552
19.891666,-0.034913
19.903334,0.031135
19.914999,-0.022694
19.926666,0.015964
19.938334,0.00431
19.949999,0.060731
19.961666,-0.059994
19.973333,0.047014
19.985001,-0.032746
19.996666,0.02202
20.008333,-0.028358
20.02,-0.210899
20.031666,0.158262
20.043333,-0.117278
20.055,0.086328
20.066666,-0.068247
20.078333,0.064589
20.09,-0.0385
20.101665,0.022808
20.113333,-0.011429
20.125,0.004034
20.136667,0.0008
20.148333,0.002288
20.16,0.012347
20.171667,-0.017096
20.183332,0.019668
20.195,-0.020968
20.206667,0.020742
20.218332,-0.015826
20.23,0.023018
20.241667,-0.023109
20.253332,0.023183
20.264999,-0.021339
20.276667,0.02034
20.288334,-0.015943
20.299999,0.019508
20.311666,-0.019816
20.323334,0.01946
20.334999,-0.019442
20.346666,0.019599
20.358334,-0.021716
20.369999,0.01782
20.381666,-0.015837
20.393333,0.015616
20.405001,-0.012624
20.416666,0.010166
20.428333,0.006935
20.440001,0.02259
20.451666,-0.024437
20.463333,0.021947
20.475,-0.019231
20.486666,0.014026
20.498333,0.008205
20.51,0.174845
20.521666,-0.156292
20.533333,0.124749
20.545,-0.083544
20.556667,0.057285
20.568333,-0.051764
20.58,0.020315
20.591667,-0.009927
20.603333,0.003069
20.615,-0.00531
20.626667,0.01223
20.638332,-0.076316
20.65,-0.031613
20.661667,0.035787
20.673332,-0.034556
20.684999,0.021445
20.696667,-0.008
20.708334,-0.068087
20.719999,-0.061743
20.731667,0.060414
20.743334,-0.053913
20.754999,0.034295
20.766666,-0.016345
20.778334,-0.085197
20.789999,-0.056028
20.801666,0.053302
20.813334,-0.046792
20.824999,0.028182
20.836666,-0.007663
20.848333,-0.080448
20.860001,-0.023027
20.871666,0.027055
20.883333,-0.024532
20.895,0.010243
20.906666,0.008148
20.918333,-0.090757
20.93,-0.008515
20.941666,0.013696
20.953333,-0.015211
20.965,0.005464
20.976665,0.004411
20.988333,-0.080401
21,-0.05805
21.011667,0.054997
21.023333,-0.047823
21.035,0.029385
21.046667,-0.011706
21.058332,-0.061372
21.07,-0.052478
21.081667,0.051798
21.093332,-0.043835
21.105,0.025478
21.116667,-0.004365
21.128332,-0.086673
21.139999,-0.027707
21.151667,0.028359
21.163334,-0.024894
21.174999,0.011473
21.186666,0.001555
21.198334,-0.053193
21.209999,-0.030991
21.221666,0.031683
21.233334,-0.026734
21.244999,0.013734
21.256666,-0.001667
21.268333,-0.06142
21.279999,-0.094034
21.291666,0.082263
21.303333,-0.066197
21.315001,0.040272
21.326666,-0.01666
21.338333,-0.055611
21.35,-0.025785
21.361666,0.024638
21.373333,-0.018909
21.385,0.00314
21.396666,0.016119
21.408333,-0.093901
21.42,0.011515
21.431667,-0.006109
21.443333,0.004894
21.455,-0.012889
21.466667,0.024834
21.478333,-0.091614
21.49,0.0002
21.501667,0.005529
21.513332,-0.006032
21.525,-0.003306
21.536667,0.014014
21.548332,-0.067191
21.559999,-0.016907
21.571667,0.019776
21.583334,-0.017896
21.594999,0.007023
21.606667,0.003372
21.618334,-0.058339
21.629999,-0.049784
21.641666,0.0482
21.653334,-0.038605
21.664999,0.021812
21.676666,-0.004748
21.688334,-0.043168
21.699999,-0.023263
21.711666,0.022026
21.723333,-0.017647
21.735001,0.004466
21.746666,0.008596
21.758333,-0.082709
21.77,-0.032823
21.781666,0.031474
21.793333,-0.024649
21.805,0.011995
21.816666,0.00149
21.828333,-0.047211
21.84,-0.010263
21.851665,0.011741
21.863333,-0.009404
21.875,-0.001111
21.886667,0.013978
21.898333,-0.070043
21.91,0.006257
21.921667,-0.001592
21.933332,0.001702
21.945,-0.00595
21.956667,0.009912
21.968332,-0.021144
21.98,0.010154
21.991667,-0.008748
22.003332,0.006805
22.014999,-0.002032
22.026667,-0.00709
22.038334,0.058834
22.049999,0.04197
22.061666,-0.040846
22.073334,0.03406
22.084999,-0.013382
22.096666,-0.0071
22.108334,0.101761
22.119999,0.002412
22.131666,-0.007169
22.143333,0.009757
22.154999,-0.001852
22.166666,-0.005776
22.178333,0.07035
22.190001,0.106418
22.201666,-0.093238
22.213333,0.076009
22.225,-0.047477
22.236666,0.019086
22.248333,0.068538
22.26,0.029436
22.271666,-0.029831
22.283333,0.025602
22.295,-0.008704
22.306667,-0.00824
22.318333,0.093474
22.33,0.012284
22.341667,-0.015495
22.353333,0.01307
22.365,-0.004338
22.376667,-0.005077
22.388332,0.046002
22.4,0.019378
22.411667,-0.020653
22.423332,0.01507
22.434999,-0.008687
22.446667,0.005085
22.458334,-0.018483
22.469999,-0.025247
22.481667,0.024438
22.493334,-0.023567
22.504999,0.005885
22.516666,0.012282
22.528334,-0.107736
22.539999,0.024319
22.551666,-0.011731
22.563334,0.005411
22.574999,-0.000368
22.586666,-0.00529
22.598333,0.038309
22.610001,0.050434
22.621666,-0.050324
22.633333,0.039414
22.645,-0.020983
22.656666,0.000788
22.668333,0.047336
22.68,0.012513
22.691666,-0.009942
22.703333,0.005682
22.715,0.004802
22.726665,-0.01028
22.738333,0.040155
22.75,0.215878
22.761667,-0.165694
22.773333,0.127262
22.785,-0.074178
22.796667,0.025727
22.808332,0.106239
22.82,-0.039797
22.831667,0.032221
22.843332,-0.028778
22.855,0.033384
22.866667,-0.040118
22.878332,0.07563
22.889999,-0.031232
22.901667,0.026575
22.913334,-0.022281
22.924999,0.025372
22.936666,-0.028224
22.948334,0.055661
22.959999,-0.016641
22.971666,0.012532
22.983334,-0.01259
22.994999,0.015502
23.006666,-0.021491
23.018333,0.045125
23.029999,-0.013339
23.041666,0.010421
23.053333,-0.008808
23.065001,0.010335
23.076666,-0.010592
23.088333,0.017112
23.1,-0.006763
23.111666,0.005099
23.123333,-0.005834
23.135,0.007927
23.146666,-0.012962
23.158333,0.037328
23.17,0.004329
23.181665,-0.006365
23.193333,0.005434
23.205,0.001117
23.216667,-0.008709
23.228333,0.040669
23.24,0.006295
23.251667,-0.007969
23.263332,0.006873
23.275,-0.001317
23.286667,-0.004088
23.298332,0.024535
23.309999,0.004141
23.321667,-0.004988
23.333334,0.003515
23.344999,0.000904
23.356667,-0.006211
23.368334,0.029109
23.379999,0.0069
23.391666,-0.008344
23.403334,0.006835
23.414999,-0.001957
23.426666,-0.003371
23.438334,0.024469
23.449999,0.008562
23.461666,-0.010292
23.473333,0.007255
23.485001,-0.000814
23.496666,-0.008956
23.508333,0.050007
23.52,0.007775
23.531666,-0.010153
23.543333,0.009149
23.555,-0.00189
23.566666,-0.006307
23.578333,0.04108
23.59,0.016671
23.601665,-0.017769
23.613333,0.015647
23.625,-0.00671
23.636667,-0.002606
23.648333,0.038933
23.66,0.018997
23.671667,-0.018899
23.683332,0.016302
23.695,-0.009387
23.706667,0.003082
23.718332,0.009434
23.73,0.003352
23.741667,-0.002412
23.753332,0.001
23.764999,0.002864
23.776667,-0.007718
23.788334,0.040932
23.799999,0.02045
23.811666,-0.022383
23.823334,0.01794
23.834999,-0.007431
23.846666,-0.004527
23.858334,0.050432
23.869999,0.022124
23.881666,-0.022905
23.893333,0.018509
23.904999,-0.006249
23.916666,-0.0067
23.928333,0.067877
23.940001,0.008767
23.951666,-0.010802
23.963333,0.009891
23.975,-0.004793
23.986666,0.005338
23.998333,-0.017949
24.01,-0.013228
24.021666,0.014043
24.033333,-0.01385
24.045,0.006651
24.056665,-0.000642
24.068333,-0.025092
24.08,-0.004486
24.091667,0.005235
24.103333,-0.005834
24.115,0.003262
24.126667,-0.003732
24.138332,0.004924
24.15,-0.00011
24.161667,0.000107
24.173332,0.000225
24.184999,0.000677
24.196667,-0.000547
24.208334,-0.000343
24.219999,-0.004378
24.231667,0.004525
24.243334,-0.004282
24.254999,0.002552
24.266666,0.000228
24.278334,-0.01608
24.289999,-0.009472
24.301666,0.010368
24.313334,-0.008957
24.324999,0.004106
24.336666,0.001254
24.348333,-0.021649
24.360001,-0.001107
24.371666,0.00295
24.383333,-0.002935
24.395,0.001635
24.406666,-0.000387
24.418333,-0.002931
24.43,-0.001163
24.441666,0.001268
24.453333,-0.00095
24.465,0.000858
24.476665,-0.00084
24.488333,-0.002303
24.5,-0.0034
24.511667,0.003541
24.523333,-0.003365
24.535,0.001354
24.546667,0.001554
24.558332,-0.014547
24.57,-0.005328
24.581667,0.006297
24.593332,-0.005446
24.605,0.003473
24.616667,-0.001063
24.628332,-0.003775
24.639999,-0.000451
24.651667,0.000972
24.663334,-7.2e-05
24.674999,0.000828
24.686666,-0.001332
24.698334,0.009669
24.709999,0.004351
24.721666,-0.004864
24.733334,0.004018
24.744999,-0.000748
24.756666,-0.003101
24.768333,0.020749
24.779999,0.007415
24.791666,-0.008229
24.803333,0.006546
24.815001,-0.002997
24.826666,0.001232
24.838333,0.001035
