timestamp_ms,signal
0.0,2.5103675257619438
5.0,1.9799814242607507
10.0,0.9462590984541697
15.0,0.24933829113357547
20.0,0.06033990253887653
25.0,0.05475714908064854
30.0,0.03337219479009595
35.0,0.0749433231929962
40.0,0.07637611124481267
45.0,0.08207848071687529
50.0,0.0817955799516988
55.0,0.1048922036450251
60.0,0.0737914851107906
65.0,0.09822565983673631
70.0,0.09569823979699454
75.0,0.13498484096713123
80.0,0.12486562383839718
85.0,0.12134008343549443
90.0,0.11287049813396152
95.0,0.134589304941247
100.0,0.14827963605475772
105.0,0.1452406132882243
110.0,0.1975374750817346
115.0,0.1938486423260281
120.0,0.08695932259260024
125.0,0.11597894852058702
130.0,0.17146163699068587
135.0,0.1677878064725284
140.0,0.19029828577570934
145.0,0.193524925268819
150.0,0.25333208652264866
155.0,0.15889849664413216
160.0,0.18305943005885256
165.0,0.257461759629401
170.0,0.2170301938276467
175.0,0.21862844120292513
180.0,0.18407880617018701
185.0,0.15047289716436882
190.0,0.20500822487925713
195.0,0.2029766907426127
200.0,0.16226102992301578
205.0,0.1776145373773375
210.0,0.19463587898297058
215.0,0.16679888046726288
220.0,0.19019883171593338
225.0,0.19368164714602235
230.0,0.18922373714419707
235.0,0.16997978126810218
240.0,0.199671927518711
245.0,0.20496976574364445
250.0,0.18392608742525002
255.0,0.14551705114198119
260.0,0.18748163893875533
265.0,0.14566964184083234
270.0,0.18198945792622379
275.0,0.11809268863353527
280.0,0.17205119244152833
285.0,0.1381351027521899
290.0,0.09515354171033473
295.0,0.11684782347304176
300.0,0.12131749718393751
305.0,0.12110001741898181
310.0,0.07647647507546038
315.0,0.06556286830706201
320.0,0.09744206131257482
325.0,0.06996375017795324
330.0,0.08339736676237305
335.0,0.09135124180465538
340.0,0.01121647248304275
345.0,0.060320842168212624
350.0,0.08134625182798158
355.0,0.027521250368008402
360.0,0.003899564114846304
365.0,0.042519269426123885
370.0,0.019248669296766843
375.0,0.03019487056919631
380.0,-0.015370748460572192
385.0,-0.05779277689269413
390.0,-0.02493934984735913
395.0,-0.04327710740114247
400.0,-0.014853877913669777
405.0,-0.04044977702908969
410.0,-0.10324911062553824
415.0,-0.0981490990075489
420.0,-0.04364297444030625
425.0,-0.05750435183749221
430.0,-0.10471004135183766
435.0,-0.09299122150334023
440.0,-0.08688820310438332
445.0,-0.09332490240288116
450.0,-0.0880249978650382
455.0,-0.11335449612130893
460.0,-0.13042059207242523
465.0,-0.14164640719118257
470.0,-0.10828150596979627
475.0,-0.21330930279720672
480.0,-0.15552015881432574
485.0,-0.1556845798301384
490.0,-0.20447717052977613
495.0,-0.156493694517456
500.0,-0.19048895182106984
505.0,-0.1492528499304833
510.0,-0.18276563416674652
515.0,-0.16248423701088172
520.0,-0.1492375920990157
525.0,-0.17723655097878832
530.0,-0.21759001177420026
535.0,-0.23900977352441075
540.0,-0.14290450000752825
545.0,-0.20043122721173498
550.0,-0.21899372281758345
555.0,-0.19490908985547106
560.0,-0.20553332333406507
565.0,-0.17443408724857337
570.0,-0.1988407123219626
575.0,-0.19895934644007082
580.0,-0.21997642015101943
585.0,-0.1832745441804634
590.0,-0.22685755536117858
595.0,-0.17400488353523008
600.0,-0.14606672954292374
605.0,0.028502248773688954
610.0,0.659314638521777
615.0,1.7822929361278932
620.0,2.396721289768348
625.0,1.7410702682157175
630.0,0.7103908314792278
635.0,0.11379547404181031
640.0,-0.18788752601526523
645.0,-0.1728585005851214
650.0,-0.16285941135364934
655.0,-0.13092940341556905
660.0,-0.15326713595587194
665.0,-0.12674523518227
670.0,-0.13411689047339356
675.0,-0.1476765831093944
680.0,-0.12523443608115833
685.0,-0.13725410241846375
690.0,-0.10146036592375914
695.0,-0.1281090451042154
700.0,-0.1197532790038727
705.0,-0.035680021539491735
710.0,-0.07326902271095023
715.0,-0.06545076181757749
720.0,-0.04053700704225653
725.0,-0.06046120306795274
730.0,-0.046560911650957146
735.0,-0.018750824141671337
740.0,-0.014778557744713854
745.0,-0.04973532109338419
750.0,0.018364434590578554
755.0,-0.01601679673763289
760.0,-0.021656966532991075
765.0,-0.00867710240193605
770.0,0.014900706365179213
775.0,0.08366978783221271
780.0,0.007757920469939686
785.0,0.05592480818318932
790.0,-0.005002407100885217
795.0,0.06699246244966109
800.0,0.1018172386385241
805.0,0.07539122729518674
810.0,0.07112816703962324
815.0,0.10431559178009583
820.0,0.12556723636045541
825.0,0.1314833287487102
830.0,0.17756505888156623
835.0,0.1312775991557208
840.0,0.11362501675116982
845.0,0.13378460145711893
850.0,0.14131688640227744
855.0,0.15243274814604107
860.0,0.15368963679881356
865.0,0.164960946508647
870.0,0.11449067398384771
875.0,0.194093501316989
880.0,0.1562571958561302
885.0,0.14229818370340425
890.0,0.20031094716479467
895.0,0.22406916002563135
900.0,0.20239083983993097
905.0,0.1951597430022495
910.0,0.16475294517547384
915.0,0.2809266310644142
920.0,0.22290931601711983
925.0,0.16370356457022703
930.0,0.17553061833504285
935.0,0.20222118758328525
940.0,0.1533154323229646
945.0,0.20501473666560524
950.0,0.18583504064847883
955.0,0.2357001780712873
960.0,0.2267362892335237
965.0,0.11514919799277744
970.0,0.19601387525217298
975.0,0.14417572830052694
980.0,0.2235913490940559
985.0,0.1926175030371836
990.0,0.20097300561347792
995.0,0.14919331292823773
1000.0,0.2323117287588039
1005.0,0.23406474579844805
1010.0,0.13722202998545333
1015.0,0.1757585843717941
1020.0,0.1394983496729924
1025.0,0.15383640386754505
1030.0,0.11115220616935628
1035.0,0.19945464083656766
1040.0,0.10843485769013227
1045.0,0.12245899767227515
1050.0,0.13998927868415406
1055.0,0.09890436236849715
1060.0,0.10433279543797674
1065.0,0.08759038903891905
1070.0,0.09330178124478868
1075.0,0.05482643539410392
1080.0,0.06928405478028228
1085.0,0.06855481591340666
1090.0,0.05695795447332856
1095.0,0.060762314086667955
1100.0,0.04225790701860187
1105.0,0.06554805667134392
1110.0,0.025082019302511804
1115.0,0.022444222286379475
1120.0,-0.0016799929689257712
1125.0,-0.0058439639432414075
1130.0,-0.03631254269289417
1135.0,0.008853732446277723
1140.0,-0.04930576462193656
1145.0,-0.045700234586238245
1150.0,-0.020801033489007068
1155.0,-0.027700186846630732
1160.0,-0.05991079715621524
1165.0,-0.11653213528351455
1170.0,-0.05128844010558744
1175.0,-0.0639556845988658
1180.0,-0.12182823938494566
1185.0,-0.06392342911000483
1190.0,-0.1154912970216791
1195.0,-0.1355051915227701
1200.0,-0.1059323008489462
1205.0,-0.12105414036764835
1210.0,-0.11631627359966328
1215.0,-0.17704994101506974
1220.0,-0.0807693881233946
1225.0,-0.15924026471741465
1230.0,-0.1931294653358514
1235.0,-0.02135557739492082
1240.0,0.34153463189989697
1245.0,1.2482618752796446
1250.0,2.157910053613605
1255.0,2.187451041355522
1260.0,1.279165274138576
1265.0,0.3362710202941119
1270.0,-0.04143074023307307
1275.0,-0.200520907098017
1280.0,-0.21536976569273578
1285.0,-0.1894948638562989
1290.0,-0.18064833522940443
1295.0,-0.202728934815335
1300.0,-0.22324914961236178
1305.0,-0.17995437759243832
1310.0,-0.2521875455015193
1315.0,-0.2307872512419568
1320.0,-0.19881235459413918
1325.0,-0.24061936881812113
1330.0,-0.1983905012293372
1335.0,-0.1999731290355697
1340.0,-0.17011767986195517
1345.0,-0.22293411905494903
1350.0,-0.21233879521150156
1355.0,-0.18130134413407148
1360.0,-0.2624268331092711
1365.0,-0.09277423052017138
1370.0,-0.20348811523632016
1375.0,-0.20085989466381873
1380.0,-0.1492566096105743
1385.0,-0.17210704956237463
1390.0,-0.21981993280216072
1395.0,-0.14286532130829344
1400.0,-0.13096723422734174
1405.0,-0.16481049872712103
1410.0,-0.15418100591419476
1415.0,-0.12532136982022682
1420.0,-0.16108937942500268
1425.0,-0.11436707604569435
1430.0,-0.11501118404118246
1435.0,-0.13449950227289834
1440.0,-0.14907763981444233
1445.0,-0.1069595352354313
1450.0,-0.11915688660299566
1455.0,-0.05539351927307967
1460.0,-0.073506567547872
1465.0,-0.0466247950180041
1470.0,-0.058185212935891656
1475.0,-0.04636536585936798
1480.0,-0.06967672069714502
1485.0,-0.017999510456218164
1490.0,0.023711868635256726
1495.0,-0.03085607349537435
1500.0,-0.03104761530166457
1505.0,-0.00967538807122997
1510.0,-0.011046027402467112
1515.0,-0.009325218441457407
1520.0,0.024171406428359504
1525.0,0.019569746076937587
1530.0,0.07968603474150657
1535.0,0.04468503776764573
1540.0,0.06247795289389655
1545.0,0.08931126968948735
1550.0,0.059612503601593016
1555.0,0.11950269984779145
1560.0,0.06505258098972473
1565.0,0.06727050980245995
1570.0,0.08786039729274643
1575.0,0.1025633661059136
1580.0,0.07093781222905154
1585.0,0.1187008722035972
1590.0,0.07629759983046508
1595.0,0.17443555373241246
1600.0,0.13636039837318037
1605.0,0.1254095598383725
1610.0,0.12304500880088472
1615.0,0.1441282075573187
1620.0,0.15406450125741142
1625.0,0.13423826842949818
1630.0,0.14250904409381035
1635.0,0.168721671460815
1640.0,0.16264480940254677
1645.0,0.21006666632990534
1650.0,0.21933259978909114
1655.0,0.1886618648441162
1660.0,0.20504729981343742
1665.0,0.1531104750385994
1670.0,0.21428016178321543
1675.0,0.19589286435257872
1680.0,0.2126615206174991
1685.0,0.24709934666036737
1690.0,0.13128453155927777
1695.0,0.20781364210851555
1700.0,0.16693941103513982
1705.0,0.21725964892458713
1710.0,0.15932881710369853
1715.0,0.1827557409016766
1720.0,0.2022462115701318
1725.0,0.2127754378989919
1730.0,0.19448253702441076
1735.0,0.16598864472757635
1740.0,0.17037304457347435
1745.0,0.21039496667287166
1750.0,0.18025660529285814
1755.0,0.12615568906716737
1760.0,0.19792185484169464
1765.0,0.18074165039398762
1770.0,0.1898068190484972
1775.0,0.14857169114415786
1780.0,0.17830594333996308
1785.0,0.11615364560457846
1790.0,0.1593530506833153
1795.0,0.12156217883762879
1800.0,0.15028811917902768
1805.0,0.1537851097050463
1810.0,0.09487972014068813
1815.0,0.108563153623005
1820.0,0.10421817186196076
1825.0,0.1315100931062704
1830.0,0.10974117645640125
1835.0,0.04429690010597114
1840.0,0.08691387889184292
1845.0,0.08772167199021266
1850.0,0.12115306580315899
1855.0,-0.0009653966277935397
1860.0,0.025202927389539574
1865.0,0.07310737241624235
1870.0,-0.015790599589097887
1875.0,-0.01941019165162218
1880.0,0.23991908756405642
1885.0,0.8352860852487478
1890.0,1.7890690333559547
1895.0,2.489061042373375
1900.0,2.046839376449079
1905.0,1.0545567492610188
1910.0,0.27706193709057303
1915.0,0.039205763804246105
1920.0,-0.08467419911244096
1925.0,-0.07105523953172606
1930.0,-0.07622450414460055
1935.0,-0.04683734948860685
1940.0,-0.0711687910737078
1945.0,-0.11850264767812549
1950.0,-0.08271733645322374
1955.0,-0.08710464696750887
1960.0,-0.12042884011919831
1965.0,-0.13146198752934507
1970.0,-0.13598408344127455
1975.0,-0.18723166939266359
1980.0,-0.13669477823008608
1985.0,-0.1410477899237626
1990.0,-0.17952198779724649
1995.0,-0.1364871969320265
2000.0,-0.20487845870629776
2005.0,-0.1848885595147448
2010.0,-0.18694326663132765
2015.0,-0.11711415937317748
2020.0,-0.2284609410611016
2025.0,-0.16703917892662254
2030.0,-0.158767799633609
2035.0,-0.178488481931445
2040.0,-0.1568252600453096
2045.0,-0.22448710823212148
2050.0,-0.2646007551149627
2055.0,-0.1746359162372913
2060.0,-0.2346196775602063
2065.0,-0.20929621543448126
2070.0,-0.23528267419458673
2075.0,-0.16841308527222626
2080.0,-0.17374773757085005
2085.0,-0.22067640298145533
2090.0,-0.1709964208532168
2095.0,-0.19314566558094903
2100.0,-0.1993068660104239
2105.0,-0.19140520894321514
2110.0,-0.1968774546554728
2115.0,-0.16968088764693526
2120.0,-0.17583012100151352
2125.0,-0.19231268699836845
2130.0,-0.14801349561050386
2135.0,-0.1926085995365684
2140.0,-0.16141698643687724
2145.0,-0.15282585964562564
2150.0,-0.11630456567490309
2155.0,-0.17073137656089926
2160.0,-0.09790497596502301
2165.0,-0.13928109276231618
2170.0,-0.1445029941856656
2175.0,-0.15273477949129663
2180.0,-0.10861859785704892
2185.0,-0.11816706818888975
2190.0,-0.14596345877020456
2195.0,-0.13971595056160818
2200.0,-0.11538527429148021
2205.0,-0.11166887738686614
2210.0,-0.05118998675250901
2215.0,-0.03499763378313285
2220.0,-0.042439334977897245
2225.0,-0.0498734982866761
2230.0,-0.06546494280005234
2235.0,-0.04290019468838443
2240.0,-0.009833069299796424
2245.0,0.03577843972142407
2250.0,0.0075086667792842
2255.0,-0.01998374983693652
2260.0,-0.0021036230585995677
2265.0,-0.009388080408703781
2270.0,-0.010059881213315592
2275.0,0.01618534395222607
2280.0,0.035843882698743876
2285.0,0.09326329427754362
2290.0,0.0478917395441136
2295.0,0.09511560274242077
2300.0,0.11538920611533142
2305.0,0.07259018688099829
2310.0,0.12619943207776285
2315.0,0.1070177051332856
2320.0,0.08049922477797522
2325.0,0.10827484613838904
2330.0,0.10812580119274862
2335.0,0.10740281714408767
2340.0,0.11514453695407219
2345.0,0.13195901246773686
2350.0,0.1469613744472091
2355.0,0.11346019681237145
2360.0,0.14555270409954238
2365.0,0.10573821621340174
2370.0,0.16454444017407724
2375.0,0.18046822282286942
2380.0,0.17143775393402821
2385.0,0.17956451972239598
2390.0,0.19286022182576618
2395.0,0.1590778503694013
2400.0,0.17541758436578783
2405.0,0.2011579368897619
2410.0,0.21880549771365468
2415.0,0.20318757610754268
2420.0,0.2701845858044487
2425.0,0.19278079462570766
2430.0,0.2270948351936693
2435.0,0.236348116467693
2440.0,0.19523015316236728
2445.0,0.17517896614306694
2450.0,0.16452055382449945
2455.0,0.20472407105382834
2460.0,0.23267471749192467
2465.0,0.20668013723442652
2470.0,0.20253527351854322
2475.0,0.1844501095037162
2480.0,0.2107944252905068
2485.0,0.12768891554634326
2490.0,0.19620248323141562
2495.0,0.18721403456675623
2500.0,0.14207548482825189
2505.0,0.24495109218741346
2510.0,0.13424631496254258
2515.0,0.13942337099599159
2520.0,0.13130523448062645
2525.0,0.19593384016242432
2530.0,0.3844370065045097
2535.0,1.0685382935220715
2540.0,2.0861763638672883
2545.0,2.648429226430001
2550.0,2.0677674596722526
2555.0,1.0539940561425407
2560.0,0.4463274041864547
2565.0,0.12506391909254785
2570.0,0.08373033904586816
2575.0,0.09672467335652113
2580.0,0.11859750277996037
2585.0,0.09444896806442207
2590.0,0.10158226298318826
2595.0,0.03958556703322285
2600.0,0.09210685245793525
2605.0,0.07288289515498446
2610.0,-7.331184779250932e-05
2615.0,0.08582979422796061
2620.0,0.10020413084457393
2625.0,0.0001201994849106304
2630.0,0.016552196928704098
2635.0,0.04848454802342015
2640.0,-0.046207468740896755
2645.0,-0.0697951308917835
2650.0,-0.05731917343987547
2655.0,-0.04370242316193941
2660.0,-0.05227692489774353
2665.0,-0.02487585970961832
2670.0,-0.04313799105497482
2675.0,-0.096585341685806
2680.0,-0.050087798016968194
2685.0,-0.018676438075396276
2690.0,-0.04664691719657461
2695.0,-0.06034167930806533
2700.0,-0.09682956463646081
2705.0,-0.07511682706111655
2710.0,-0.1406190042256924
2715.0,-0.09592004848283732
2720.0,-0.12767779468596022
2725.0,-0.09752593843428078
2730.0,-0.12363737591392339
2735.0,-0.17623978406298896
2740.0,-0.1453801287044195
2745.0,-0.11809077515275693
2750.0,-0.19366350883442307
2755.0,-0.18143239469041747
2760.0,-0.19230427108666634
2765.0,-0.2184055575165012
2770.0,-0.1486889950092276
2775.0,-0.1418798260570944
2780.0,-0.1605765960747792
2785.0,-0.18034852859191142
2790.0,-0.19190863352190443
2795.0,-0.18555791997865553
2800.0,-0.21674307502664358
2805.0,-0.16969995875460714
2810.0,-0.16652836321552855
2815.0,-0.17095111832081267
2820.0,-0.215544852127443
2825.0,-0.1976067504681557
2830.0,-0.20492767981348833
2835.0,-0.14594529353869262
2840.0,-0.19351345100300366
2845.0,-0.2543229936885451
2850.0,-0.1845187684007524
2855.0,-0.13827797026811742
2860.0,-0.1721246543592454
2865.0,-0.16389503728334956
2870.0,-0.1864667948782814
2875.0,-0.243633963607411
2880.0,-0.23542340502291279
2885.0,-0.2148031075804398
2890.0,-0.1772306529998844
2895.0,-0.1598257118310562
2900.0,-0.14384963852696075
2905.0,-0.1698665961202725
2910.0,-0.12578863383422145
2915.0,-0.15746444677995386
2920.0,-0.16452337384392327
2925.0,-0.1119072385933533
2930.0,-0.1587190360067592
2935.0,-0.20675953732968988
2940.0,-0.15007020874146176
2945.0,-0.10862593340520509
2950.0,-0.19684180349796054
2955.0,-0.10795507598092689
2960.0,-0.09983931258348319
2965.0,-0.12514993492095827
2970.0,-0.11916805489475712
2975.0,-0.08077384800246927
2980.0,-0.07540390423852766
2985.0,-0.013181853518350092
2990.0,-0.03163353398261002
2995.0,-0.08213067256104328
3000.0,-0.05210989411465687
3005.0,0.0029645037909464753
3010.0,0.0470017438875794
3015.0,0.010046754532134237
3020.0,0.01610516247149725
3025.0,0.07092660076610739
3030.0,0.02271790575430232
3035.0,0.0223784268224085
3040.0,-0.00254754389287834
3045.0,0.03258872723297372
3050.0,0.12138659691302829
3055.0,0.021321725869303892
3060.0,0.07214742200883108
3065.0,0.03727489612288502
3070.0,0.09095399578517513
3075.0,0.12115295090775784
3080.0,0.09447378705176686
3085.0,0.1307767351007436
3090.0,0.13738570542281514
3095.0,0.13586426498035942
3100.0,0.18042152815699958
3105.0,0.15855597095170126
3110.0,0.132064141132394
3115.0,0.12656517957967847
3120.0,0.12715249967079004
3125.0,0.17204477835137516
3130.0,0.15304030145733044
3135.0,0.24932765311511867
3140.0,0.22713608183865253
3145.0,0.16953861591225722
3150.0,0.1699066136976037
3155.0,0.23397998948781398
3160.0,0.1299499018153693
3165.0,0.17575651354661825
3170.0,0.22034950035168147
3175.0,0.16665462674462458
3180.0,0.3773614737899822
3185.0,0.9390443285256798
3190.0,1.9710914658866543
3195.0,2.680610508993809
3200.0,2.335318318304084
3205.0,1.3218565597108534
3210.0,0.5488280447292848
3215.0,0.29913030727765644
3220.0,0.17644890330771376
3225.0,0.15398361378072098
3230.0,0.14216861255161176
3235.0,0.14491266455441038
3240.0,0.17475971379447336
3245.0,0.2195767933015405
3250.0,0.1909730760005698
3255.0,0.1645419291273116
3260.0,0.1468361222189709
3265.0,0.1591880825371455
3270.0,0.15876365222281136
3275.0,0.14944304105024422
3280.0,0.11865323195531499
3285.0,0.14230829946127763
3290.0,0.18177778526352292
3295.0,0.08044402758025473
3300.0,0.13262974615768822
3305.0,0.07013050963536435
3310.0,0.13295313489428523
3315.0,0.09850651547442515
3320.0,0.05162013816143092
3325.0,0.11027318572331823
3330.0,0.15464945779305472
3335.0,0.09609541338291089
3340.0,0.12022264452555832
3345.0,0.07561581212207073
3350.0,0.005290281408468225
3355.0,0.07686803158525977
3360.0,0.04163277845720741
3365.0,0.002252189724675127
3370.0,0.061513368939717344
3375.0,0.0383616192556728
3380.0,0.005729574578776136
3385.0,0.039232611204980075
3390.0,-0.021295862858350577
3395.0,0.0158365868615203
3400.0,-0.0400068596981536
3405.0,-0.004080594014237531
3410.0,-0.06139297698612114
3415.0,0.00808305293863415
3420.0,-0.037121903036882065
3425.0,-0.009845727751951645
3430.0,-0.08549450483131199
3435.0,-0.08298776401270364
3440.0,-0.05127905446139677
3445.0,-0.16641207898734894
3450.0,-0.12358986949677989
3455.0,-0.06791743388890996
3460.0,-0.09211436267213596
3465.0,-0.08367534347539707
3470.0,-0.12910581284659742
3475.0,-0.10945958870753307
3480.0,-0.1546521049490982
3485.0,-0.1800023994617313
3490.0,-0.19556323621024768
3495.0,-0.16689526010715933
3500.0,-0.17217582554474042
3505.0,-0.17968222813830945
3510.0,-0.27207925082538703
3515.0,-0.23009992055907924
3520.0,-0.19035215573771255
3525.0,-0.16969136331617174
3530.0,-0.19928481491580696
3535.0,-0.2115313367540798
3540.0,-0.25746048166313984
3545.0,-0.13021647167725064
3550.0,-0.22621863367342443
3555.0,-0.1446719059838923
3560.0,-0.15000294303849687
3565.0,-0.1899137059377497
3570.0,-0.21627398876177134
3575.0,-0.1957477671057845
3580.0,-0.23457734275478107
3585.0,-0.19208888239161268
3590.0,-0.19939990728825951
3595.0,-0.18276082516751058
3600.0,-0.16909321935925883
3605.0,-0.14416460490325406
3610.0,-0.20600218075601923
3615.0,-0.16091663030416622
3620.0,-0.21350028335298643
3625.0,-0.21378967769089502
3630.0,-0.2023724319002967
3635.0,-0.20984861367233323
3640.0,-0.14722748844772968
3645.0,-0.14487734349480724
3650.0,-0.1300448195902651
3655.0,-0.1643207799875949
3660.0,-0.15039400000883865
3665.0,-0.17076658406885598
3670.0,-0.18246463293915438
3675.0,-0.1287904765576165
3680.0,-0.12816821224633002
3685.0,-0.1632117302389573
3690.0,-0.105997620882781
3695.0,-0.16915119907438297
3700.0,-0.11540819628425422
3705.0,-0.12189550886103163
3710.0,-0.11163346278553163
3715.0,-0.12086177393113662
3720.0,-0.052232706320756134
3725.0,-0.05613829993983512
3730.0,-0.029796435101932965
3735.0,-0.05345306945802898
3740.0,-0.08827896355814287
3745.0,-0.05259112074865733
3750.0,-0.06877877663592216
3755.0,-0.01138421370701877
3760.0,0.019461311649001518
3765.0,0.0012996894159045067
3770.0,-0.018227601275557087
3775.0,-0.0030209960152039403
3780.0,0.02250839121834865
3785.0,-0.01872891076804251
3790.0,0.03736325672507096
3795.0,0.04701566227489595
3800.0,0.03281691639471917
3805.0,0.044630480701979836
3810.0,0.07019413905771422
3815.0,0.04824355978708024
3820.0,0.055864368199934046
3825.0,0.21637371431468322
3830.0,0.5870916361143579
3835.0,1.5122693239758855
3840.0,2.390749241985141
3845.0,2.4456246367859116
3850.0,1.6413306113892538
3855.0,0.7234169759299892
3860.0,0.24359526059777445
3865.0,0.09762333490536994
3870.0,0.145969146946002
3875.0,0.10026638101619104
3880.0,0.14773664706500034
3885.0,0.09740459997896372
3890.0,0.16033575682418832
3895.0,0.10818351146850164
3900.0,0.16870889666604746
3905.0,0.2250526326050447
3910.0,0.17492629535461088
3915.0,0.20911486042669986
3920.0,0.16953124549583404
3925.0,0.16444535972136246
3930.0,0.14836999711958587
3935.0,0.22627660970385602
3940.0,0.194742382887235
3945.0,0.24622264602409275
3950.0,0.1629148583275603
3955.0,0.1919666368482227
3960.0,0.20106797566309287
3965.0,0.2407433447349202
3970.0,0.25237540697301974
3975.0,0.1772531872961248
3980.0,0.16136223304155686
3985.0,0.14159358196023247
3990.0,0.23177015547067956
3995.0,0.18669293834234124
4000.0,0.1671816079056415
4005.0,0.18206933965831043
4010.0,0.1035305807661518
4015.0,0.12486856367987853
4020.0,0.2007420686400166
4025.0,0.18030698682502114
4030.0,0.16839133327030753
4035.0,0.1290140832290944
4040.0,0.1715819621046348
4045.0,0.20192572676553283
4050.0,0.10619683939715296
4055.0,0.13748545449048413
4060.0,0.11785965550103972
4065.0,0.135378330985108
4070.0,0.11839304943484863
4075.0,0.10677547023081801
4080.0,0.07774207682128506
4085.0,0.09656776524779385
4090.0,0.07127412191513002
4095.0,0.07781996946141995
4100.0,0.07266994326954122
4105.0,0.08643544746664973
4110.0,0.041449508254486275
4115.0,0.041223781147700686
4120.0,0.07500154018425258
4125.0,0.028131682412193874
4130.0,0.01859852249831529
4135.0,0.04411276584873004
4140.0,0.018053281168233258
4145.0,0.004287650489698984
4150.0,-0.0001763908408141607
4155.0,-0.05227653078872583
4160.0,-0.009540068688284319
4165.0,0.008165322066820725
4170.0,-0.022361402217542528
4175.0,-0.09458807389045486
4180.0,-0.04740827095545218
4185.0,-0.09101659977077148
4190.0,-0.07849543515202778
4195.0,-0.07551632625854825
4200.0,-0.12274744958081743
4205.0,-0.05432763370250289
4210.0,-0.10373331708870014
4215.0,-0.0849896944126228
4220.0,-0.09662930091398214
4225.0,-0.08206616622506788
4230.0,-0.0931366561162231
4235.0,-0.1793857025841727
4240.0,-0.13991516988585276
4245.0,-0.2110571389015013
4250.0,-0.16597052339616436
4255.0,-0.13641386539623743
4260.0,-0.13545485365836343
4265.0,-0.12894531310391358
4270.0,-0.18338063495473286
4275.0,-0.16661871719631666
4280.0,-0.17715364630315764
4285.0,-0.14560863669793137
4290.0,-0.13919862572665295
4295.0,-0.20051938599489458
4300.0,-0.07881241544116936
4305.0,-0.19469858720665176
4310.0,-0.20750382627194816
4315.0,-0.18008235511430706
4320.0,-0.176539999136888
4325.0,-0.183781239679039
4330.0,-0.22018799344252427
4335.0,-0.15668487159066274
4340.0,-0.19907822103606232
4345.0,-0.1540459514595878
4350.0,-0.15752425898369865
4355.0,-0.23630322522532046
4360.0,-0.22594086528746404
4365.0,-0.22467246745657005
4370.0,-0.18493048616719224
4375.0,-0.18824389030240757
4380.0,-0.1789161203849214
4385.0,-0.20813729943945933
4390.0,-0.16743621864526873
4395.0,-0.13428031744373853
4400.0,-0.21231889103614987
4405.0,-0.17370443443185637
4410.0,-0.15564953899978284
4415.0,-0.16199814789428127
4420.0,-0.15874382446068114
4425.0,-0.09422104597274668
4430.0,-0.10299109967010447
4435.0,-0.10997067414091273
4440.0,-0.15202361357314367
4445.0,-0.0554511108882699
4450.0,-0.1051417628118504
4455.0,-0.12640712665208764
4460.0,-0.11209962711120847
4465.0,0.08218173276360347
4470.0,0.717372479887558
4475.0,1.6649377046330114
4480.0,2.4036950038838576
4485.0,2.006324280159454
4490.0,1.0836060942857209
4495.0,0.27501748771957085
4500.0,-0.0055118634556249844
4505.0,-0.013372368633495023
4510.0,-0.04939625972804727
4515.0,0.009876244978332125
4520.0,0.02677889578621617
4525.0,-0.052227575702037274
4530.0,0.005699938233812371
4535.0,-0.029119991738950957
4540.0,0.024515749307023885
4545.0,0.06197247145532067
4550.0,0.001863725353107172
4555.0,0.10494042033179478
4560.0,0.049534481575496114
4565.0,0.031251880603565006
4570.0,0.07078797972071509
4575.0,0.10592919470582271
4580.0,0.0483529795045682
4585.0,0.09707155294786297
4590.0,0.06299446475845621
4595.0,0.14732280749252133
4600.0,0.1226463024855618
4605.0,0.11183754646120468
4610.0,0.16203347522671172
4615.0,0.09847305111214491
4620.0,0.1312443147461564
4625.0,0.20409474455036825
4630.0,0.15039235470725745
4635.0,0.1999578222662969
4640.0,0.1699722768474233
4645.0,0.1476947570060349
4650.0,0.16558631978357308
4655.0,0.1792691388727715
4660.0,0.16834064163212958
4665.0,0.1592653275984791
4670.0,0.1635795047171685
4675.0,0.1452363562273373
4680.0,0.1954321753549831
4685.0,0.20597558276790592
4690.0,0.21834806628804465
4695.0,0.14307624671977054
4700.0,0.22245109726271714
4705.0,0.19844779154573045
4710.0,0.15644188923021185
4715.0,0.20222771202295609
4720.0,0.2233757040352106
4725.0,0.21390920875540734
4730.0,0.21894987444883388
4735.0,0.224160120881956
4740.0,0.2209478087847941
4745.0,0.19093657055292979
4750.0,0.12712970373957427
4755.0,0.1640859659469711
4760.0,0.19450157488138076
4765.0,0.1663580805655798
4770.0,0.1973219690090331
4775.0,0.19669335839258437
4780.0,0.16990681736573884
4785.0,0.22026558600513121
4790.0,0.12974227703921834
4795.0,0.18178125001950757
4800.0,0.13424505199227177
4805.0,0.11932309230769199
4810.0,0.15446717636409374
4815.0,0.11216142984514613
4820.0,0.15000784040768717
4825.0,0.08262300241142971
4830.0,0.11185677396931913
4835.0,0.07848544504970195
4840.0,0.08954191019578576
4845.0,0.07806813663611725
4850.0,0.04784972194375171
4855.0,0.09371267801884622
4860.0,0.02890292913365991
4865.0,0.028947487771726226
4870.0,0.07709037207921438
4875.0,0.07144934091299168
4880.0,0.05411547482309348
4885.0,0.03605820396805085
4890.0,0.08592421045164146
4895.0,-0.02701852662447043
4900.0,-0.021355426123536168
4905.0,-0.0371960797751282
4910.0,0.011265937452402884
4915.0,-0.015341253897106086
4920.0,0.001095044219207704
4925.0,-0.011249575901799258
4930.0,-0.055299806936265475
4935.0,-0.08115816068307298
4940.0,-0.09429758676149833
4945.0,-0.006010532059954707
4950.0,-0.05103792370110107
4955.0,-0.06984038288952828
4960.0,-0.10521866691547438
4965.0,-0.10824891643794814
4970.0,-0.11970116096947384
4975.0,-0.12598428289296748
4980.0,-0.1950670116531393
4985.0,-0.1312766419253289
4990.0,-0.1471593885398094
4995.0,-0.13301664091484774
5000.0,-0.14119487896281122
5005.0,-0.12739802034148243
5010.0,-0.15864371080680606
5015.0,-0.13932200747220755
5020.0,-0.24475639147823222
5025.0,-0.20537080839785538
5030.0,-0.12466621178928042
5035.0,-0.21681853463844383
5040.0,-0.19210345265388323
5045.0,-0.16569935479644743
5050.0,-0.21622850140153344
5055.0,-0.17059648600657404
5060.0,-0.2373032009694563
5065.0,-0.2537116613624893
5070.0,-0.2377009816609579
5075.0,-0.24860171755128038
5080.0,-0.20034507664592136
5085.0,-0.20982496376812299
5090.0,-0.0725186374281026
5095.0,0.29634242380068787
5100.0,1.3069478271122614
5105.0,2.1501322913789247
5110.0,2.1464534378915605
5115.0,1.2364050869540342
5120.0,0.31920134419328317
5125.0,-0.09480746266576072
5130.0,-0.18649686546545557
5135.0,-0.15857729423070577
5140.0,-0.1629152649487548
5145.0,-0.151056301816293
5150.0,-0.19235226618971057
5155.0,-0.19448422120172135
5160.0,-0.10661993633567984
5165.0,-0.16914265126527162
5170.0,-0.14256566512025964
5175.0,-0.12943761611986918
5180.0,-0.10337650598077797
5185.0,-0.1806919327766175
5190.0,-0.14847800719057017
5195.0,-0.14076346187677755
5200.0,-0.1302646591148751
5205.0,-0.18685705042880105
5210.0,-0.11041752460944358
5215.0,-0.1872184183543597
5220.0,-0.08415030125981908
5225.0,-0.0694965308314468
5230.0,-0.06007007892000727
5235.0,-0.10640112213837193
5240.0,-0.03373173967435204
5245.0,-0.08032712660569541
5250.0,-0.08314753018955261
5255.0,-0.06759046818937492
5260.0,-0.055393848759967695
5265.0,-0.016512994677184728
5270.0,0.011363645512475252
5275.0,-0.06809398604306802
5280.0,-0.01293792610879299
5285.0,0.038686078647291844
5290.0,0.026058722151889
5295.0,0.0434970000295514
5300.0,-0.00847477472102931
5305.0,0.07328538386124521
5310.0,0.00583503642833632
5315.0,0.06659377295345933
5320.0,0.10961191878826959
5325.0,0.13291789441166085
5330.0,0.09951380669476284
5335.0,0.11808101037185517
5340.0,0.0807871144853729
5345.0,0.09168705842013657
5350.0,0.14818217492503716
5355.0,0.11992043180662723
5360.0,0.12261751074429758
5365.0,0.09046539078680955
5370.0,0.14341458027314405
5375.0,0.16414636481163913
5380.0,0.12656768875652363
5385.0,0.14054162796308167
5390.0,0.208258602969694
5395.0,0.17100456778680379
5400.0,0.16152289553927363
5405.0,0.14029993295085058
5410.0,0.159748007095197
5415.0,0.1744518866641976
5420.0,0.22632616309561793
5425.0,0.1699164678810479
5430.0,0.24471361992707003
5435.0,0.16534380336653964
5440.0,0.1844623488559738
5445.0,0.22214295514129384
5450.0,0.1909358096227289
5455.0,0.1741948619693703
5460.0,0.19576287213790386
5465.0,0.2134483177453845
5470.0,0.1484365356319979
5475.0,0.19202707757295728
5480.0,0.19543140023744884
5485.0,0.18548246186571082
5490.0,0.2181959752829348
5495.0,0.17727866343334256
5500.0,0.18126237954800176
5505.0,0.1908560706059208
5510.0,0.2087918946521668
5515.0,0.17716669404128588
5520.0,0.2258555876568145
5525.0,0.14936914183249225
5530.0,0.21113258863992657
5535.0,0.14243947843033095
5540.0,0.15862717066960696
5545.0,0.16950174448498267
5550.0,0.2150114752625654
5555.0,0.1747607619427193
5560.0,0.1299730808288658
5565.0,0.17513877785790571
5570.0,0.1235339315927438
5575.0,0.09975601094180067
5580.0,0.13029985763625757
5585.0,0.1128105558845083
5590.0,0.13153263134096876
5595.0,0.079198039988708
5600.0,0.09973674166278985
5605.0,0.09977630062152296
5610.0,0.0813892183053316
5615.0,0.06435957559835866
5620.0,0.03636853183025787
5625.0,0.07637817857369192
5630.0,0.0452653833972797
5635.0,0.04784936282722521
5640.0,0.01419127732322704
5645.0,0.016816455041407063
5650.0,-0.02300776907856035
5655.0,0.0023437196690656594
5660.0,0.014403546095960335
5665.0,-0.014078843060098737
5670.0,0.0006265462437048397
5675.0,-0.02401085406715494
5680.0,-0.0006674255460213593
5685.0,-0.05539738684653668
5690.0,-0.1068813129949715
5695.0,-0.052674069628987796
5700.0,-0.07841675446316507
5705.0,0.0811994148892242
5710.0,0.6718575838807195
5715.0,1.6503050527405234
5720.0,2.3838077044508217
5725.0,2.014697693777793
5730.0,1.0063447076141938
5735.0,0.23863590567150114
5740.0,-0.008706084139162504
5745.0,-0.15700892452416354
5750.0,-0.14277582859473825
5755.0,-0.1372687869083689
5760.0,-0.20539454004759528
5765.0,-0.2069396177759233
5770.0,-0.0987999077793829
5775.0,-0.22142763014080713
5780.0,-0.15551344659324642
5785.0,-0.20225545305849876
5790.0,-0.20344394877706523
5795.0,-0.24345193960926279
5800.0,-0.21410603953273522
5805.0,-0.16633546236065685
5810.0,-0.23398246230553918
5815.0,-0.17657688602668442
5820.0,-0.18682275524016187
5825.0,-0.13711400065426893
5830.0,-0.21299734364019277
5835.0,-0.16161215963054937
5840.0,-0.17325542747286762
5845.0,-0.20858142819447986
5850.0,-0.24958279525662408
5855.0,-0.15377700309661885
5860.0,-0.23901243990080284
5865.0,-0.21095996906479536
5870.0,-0.1685973685986978
5875.0,-0.15961051850371133
5880.0,-0.21611393143663404
5885.0,-0.18904080990638653
5890.0,-0.19284185951117266
5895.0,-0.14632021511911042
5900.0,-0.10299491529065105
5905.0,-0.22908824987937096
5910.0,-0.14245431411118534
5915.0,-0.25115261482111656
5920.0,-0.16015859045141775
5925.0,-0.18873860003655302
5930.0,-0.09034510037878622
5935.0,-0.13947265600135222
5940.0,-0.16068014328541275
5945.0,-0.1474291052356566
5950.0,-0.1433514067393914
5955.0,-0.11386712152463126
5960.0,-0.11747739564277253
5965.0,-0.08607715746330993
5970.0,-0.05238310172092148
5975.0,-0.07021464221305719
5980.0,-0.12054475511508381
5985.0,-0.12484112421712565
5990.0,-0.09101961645905365
5995.0,-0.0288720251949032
6000.0,-0.06252641535074617
6005.0,-0.06441755372947393
6010.0,-0.03208023537530752
6015.0,-0.07046994557906604
6020.0,-0.05391084241109455
6025.0,0.0038861585969734887
6030.0,-0.01219097256788427
6035.0,-0.008360843803852533
6040.0,0.02308881607254032
6045.0,0.004313613218233932
6050.0,0.009533056453993063
6055.0,0.024537234306861777
6060.0,0.06455337000444487
6065.0,0.05633188988959959
6070.0,0.026667234663775873
6075.0,0.06127282494641585
6080.0,0.097548477380243
6085.0,0.141825971369163
6090.0,0.05888567767603017
6095.0,0.110603534340359
6100.0,0.09980184254360908
6105.0,0.13925997273683682
6110.0,0.1347123915106401
6115.0,0.17191197107103162
6120.0,0.14962936223691323
6125.0,0.12375892233465177
6130.0,0.12977779752093915
6135.0,0.16367204357137746
6140.0,0.1686607909762445
6145.0,0.23378536380413406
6150.0,0.21689103369729262
6155.0,0.13585831177248453
6160.0,0.18574007042090213
6165.0,0.1391671443967577
6170.0,0.13297910007590358
6175.0,0.2081913299096267
6180.0,0.2053502485363785
6185.0,0.1602259348143804
6190.0,0.24294650285611785
6195.0,0.16622561009147468
6200.0,0.1620982116910915
6205.0,0.21794377473515386
6210.0,0.20588421517573294
6215.0,0.19498576887421062
6220.0,0.19798715744549888
6225.0,0.20656410921507865
6230.0,0.19516672718983624
6235.0,0.1933369711539034
6240.0,0.14044681774810364
6245.0,0.15553754916862508
6250.0,0.21225587388697795
6255.0,0.17059272590794017
6260.0,0.20553911412640402
6265.0,0.2233804013196593
6270.0,0.1724777082144761
6275.0,0.18810719361979195
6280.0,0.23809246888764451
6285.0,0.19252115904598877
6290.0,0.22250621855001373
6295.0,0.20853880651249027
6300.0,0.18014185588245762
6305.0,0.25386626390252254
6310.0,0.6064544070177258
6315.0,1.4668693356393014
6320.0,2.4602110094835434
6325.0,2.525210614479097
6330.0,1.6068990386461077
6335.0,0.7060788825643328
6340.0,0.22044431720729557
6345.0,0.13477110643355114
6350.0,0.0953974585004271
6355.0,0.08567664822215124
6360.0,0.07917683112698286
6365.0,0.0685084221511787
6370.0,0.13827116427705402
6375.0,0.007324274898491412
6380.0,0.05293654513461954
6385.0,0.07681039212636803
6390.0,0.05281139138811135
6395.0,0.013968025910321792
6400.0,0.0669386233419505
6405.0,-0.025640863447194635
6410.0,-0.04110716560627284
6415.0,0.006794961041148824
6420.0,-0.06219233638845248
6425.0,-0.09817560693541787
6430.0,-0.008582801737512913
6435.0,-0.02040030244515651
6440.0,-0.029368556896338792
6445.0,-0.07396853396110463
6450.0,-0.0617602390591511
6455.0,-0.10399590931504286
6460.0,-0.03066281266559811
6465.0,-0.06647631414244816
6470.0,-0.07529646554901026
6475.0,-0.16325143828305794
6480.0,-0.08753874845062667
6485.0,-0.07375056691902493
6490.0,-0.08868796237554571
6495.0,-0.107890724536071
6500.0,-0.13775378156551457
6505.0,-0.1539014123695985
6510.0,-0.13126918676088495
6515.0,-0.143248171137555
6520.0,-0.15278423859855797
6525.0,-0.17401891817892537
6530.0,-0.11888521185725293
6535.0,-0.20864501752620535
6540.0,-0.1782741413418952
6545.0,-0.1986777624191665
6550.0,-0.15367354997181115
6555.0,-0.14476240114777147
6560.0,-0.15307040537279884
6565.0,-0.17011658366844057
6570.0,-0.23690794994266293
6575.0,-0.13410580354427948
6580.0,-0.18241362545686654
6585.0,-0.20219657699880747
6590.0,-0.19898049663987968
6595.0,-0.21014740147119687
6600.0,-0.18723461749000953
6605.0,-0.19028812064500067
6610.0,-0.2096918107106181
6615.0,-0.2749359637771116
6620.0,-0.19749985087838198
6625.0,-0.18040711918272406
6630.0,-0.17685515645962585
6635.0,-0.19483773937201893
6640.0,-0.17389772459071948
6645.0,-0.15358550896287584
6650.0,-0.1951603416900206
6655.0,-0.13336793552526416
6660.0,-0.23200666390677954
6665.0,-0.20687806418143012
6670.0,-0.19160220876165476
6675.0,-0.23289765516036576
6680.0,-0.184395345976206
6685.0,-0.11152210048567324
6690.0,-0.1060395834911787
6695.0,-0.13442817377712066
6700.0,-0.07954392236392138
6705.0,-0.11758662881381036
6710.0,-0.1330864625924995
6715.0,-0.10407885378892842
6720.0,-0.10842459872829935
6725.0,-0.07503355224984515
6730.0,-0.1348358588438433
6735.0,-0.052238891332568024
6740.0,-0.08834141681874269
6745.0,-0.041100781532275775
6750.0,-0.10508064839769267
6755.0,-0.06341401793041805
6760.0,-0.040392932956046734
6765.0,-0.00751564031851628
6770.0,-0.06284955091814004
6775.0,0.031981003294092196
6780.0,0.004750193275088056
6785.0,-0.017173470703329915
6790.0,0.04345078626344221
6795.0,0.018332956813274192
6800.0,0.05829396174173608
6805.0,0.10149204186721306
6810.0,0.0630508180253609
6815.0,0.03232251621832096
6820.0,0.04339607587839765
6825.0,0.08159082958134359
6830.0,0.08058696868192083
6835.0,0.054669619454543295
6840.0,0.06718966558078562
6845.0,0.1146274204302267
6850.0,0.17231161316209748
6855.0,0.030079440444589434
6860.0,0.13759855368812646
6865.0,0.11623910842456116
6870.0,0.1524281544254024
6875.0,0.1613315355641324
6880.0,0.14290285631439684
6885.0,0.11661101913378684
6890.0,0.11069585248869786
6895.0,0.10163432729513208
6900.0,0.39530315667065247
6905.0,0.9134355314927551
6910.0,1.9084404430275201
6915.0,2.644814249302316
6920.0,2.263052954753975
6925.0,1.2964726864600422
6930.0,0.5742109807139176
6935.0,0.2900940671858654
6940.0,0.14489465149270608
6945.0,0.23495879124894606
6950.0,0.17297428941209153
6955.0,0.14002073242747295
6960.0,0.161690362554589
6965.0,0.1703996379382256
6970.0,0.19966103582251854
6975.0,0.1690376711898488
6980.0,0.15446986923207423
6985.0,0.19127592437935384
6990.0,0.2560155741398827
6995.0,0.1759714214591037
7000.0,0.20937100824263066
7005.0,0.19590400018860027
7010.0,0.2709739205368144
7015.0,0.13167848640256902
7020.0,0.21855459396952506
7025.0,0.14399617074677362
7030.0,0.16109315273488403
7035.0,0.17208256483856194
7040.0,0.26637925857210587
7045.0,0.14342369218367754
7050.0,0.10487580951444518
7055.0,0.1954113074755692
7060.0,0.12598973735153562
7065.0,0.13829232669684724
7070.0,0.1390208913800849
7075.0,0.13657054560169338
7080.0,0.12224344257712075
7085.0,0.1288459562992874
7090.0,0.1256899981740614
7095.0,0.13274483336685197
7100.0,0.08718213572922204
7105.0,0.0702356220067798
7110.0,0.05332850452504988
7115.0,0.09540581042238266
7120.0,0.06849038425744415
7125.0,0.07860895022416078
7130.0,0.07018453924505125
7135.0,0.09654699536860184
7140.0,0.04404807693718938
7145.0,0.05218064497392748
7150.0,-0.014733005867327106
7155.0,-0.019366229306578598
7160.0,-0.004633819848008923
7165.0,-0.04011591653106681
7170.0,0.008746985562701625
7175.0,-0.06023809175810092
7180.0,-0.026465569584040696
7185.0,-0.11048097920467853
7190.0,-0.07803878046059046
7195.0,-0.06314579493785691
7200.0,-0.06873331482640005
7205.0,-0.12259306418205326
7210.0,-0.07334568416121867
7215.0,-0.0549889234609479
7220.0,-0.07227050006013662
7225.0,-0.11879886294207954
7230.0,-0.12381201299613306
7235.0,-0.14874951678108025
7240.0,-0.10103783817618275
7245.0,-0.08324449831673707
7250.0,-0.1486161368229656
7255.0,-0.1898846364262784
7260.0,-0.13882139109534294
7265.0,-0.12920846973198274
7270.0,-0.23746415656257297
7275.0,-0.15673820075131115
7280.0,-0.10076643285239908
7285.0,-0.14560014566680093
7290.0,-0.15793186428739092
7295.0,-0.1663052311806634
7300.0,-0.1501255226696486
7305.0,-0.21351522661905517
7310.0,-0.2136164442795751
7315.0,-0.1786785455516306
7320.0,-0.2137834343363897
7325.0,-0.1874450015492524
7330.0,-0.25422661841208
7335.0,-0.17541307015216573
7340.0,-0.17370057024009405
7345.0,-0.19841175150945614
7350.0,-0.19505508672910046
7355.0,-0.15128677801413393
7360.0,-0.23197067568464952
7365.0,-0.22609779721137535
7370.0,-0.2303976262655508
7375.0,-0.20886270533474496
7380.0,-0.22465222233347293
7385.0,-0.191065886537389
7390.0,-0.20922546823316457
7395.0,-0.23037456237053783
7400.0,-0.23027771321463278
7405.0,-0.14397595715474498
7410.0,-0.178632304022065
7415.0,-0.17931984959250102
7420.0,-0.16733696733258896
7425.0,-0.16594740122973312
7430.0,-0.13585186017166095
7435.0,-0.13645099288957258
7440.0,-0.16552737172046061
7445.0,-0.1668027038069128
7450.0,-0.16871260820370926
7455.0,-0.1674227462824624
7460.0,-0.08137679226424999
7465.0,-0.14427541600789903
7470.0,-0.1704859778716546
7475.0,-0.12816370665921473
7480.0,-0.11927604325213971
7485.0,-0.0783296716753518
7490.0,0.1461957795188119
7495.0,0.8391742917427546
7500.0,1.8682085316351942
7505.0,2.4803622266752177
7510.0,1.9877835995988347
7515.0,0.9879838867999915
7520.0,0.28149386444012103
7525.0,-0.011224889056687507
7530.0,-0.028478321956355766
7535.0,-0.0006057336128173722
7540.0,0.0623398773192665
7545.0,0.02892531837466801
7550.0,0.053043561974587136
7555.0,0.020010105211890464
7560.0,0.05117967494988131
7565.0,0.06320128492840071
7570.0,0.03607833142995527
7575.0,0.08111310468806793
7580.0,0.09784294205924529
7585.0,0.06877893234586172
7590.0,0.1117579429368639
7595.0,0.13819485540400556
7600.0,0.09813381107225877
7605.0,0.10337618314445446
7610.0,0.10112027405489502
7615.0,0.09868013008747392
7620.0,0.12859102316976034
7625.0,0.11798367387604261
7630.0,0.1271848009926465
7635.0,0.11930820218915388
7640.0,0.10215283457861218
7645.0,0.12558097804294663
7650.0,0.1687654481857764
7655.0,0.1283227781826638
7660.0,0.14901475345952248
7665.0,0.2220634024405462
7670.0,0.21063874576460712
7675.0,0.15977849030248512
7680.0,0.2021065904426173
7685.0,0.16760145779914756
7690.0,0.23871774280891622
7695.0,0.17476966606346828
7700.0,0.19690851091595338
7705.0,0.23778025123823837
7710.0,0.17283803461078795
7715.0,0.23790557330331227
7720.0,0.17499618046930918
7725.0,0.2070694282921087
7730.0,0.19111191115591442
7735.0,0.19703485895430595
7740.0,0.2038557432731114
7745.0,0.19584019853977339
7750.0,0.16622420135584973
7755.0,0.2210737512759417
7760.0,0.21468606415128633
7765.0,0.22942336543886022
7770.0,0.22960402228064844
7775.0,0.14473741250552247
7780.0,0.22030142353249876
7785.0,0.2170322944000151
7790.0,0.1581879705317179
7795.0,0.2010301075140966
7800.0,0.2094126710458841
7805.0,0.1443713855944768
7810.0,0.1140657162289219
7815.0,0.13926464482245443
7820.0,0.22819372937283894
7825.0,0.1456114279505774
7830.0,0.0959679701457245
7835.0,0.11844665697444734
7840.0,0.08963555091784375
7845.0,0.10069338086430756
7850.0,0.10854522121540953
7855.0,0.021678621833793127
7860.0,0.10200316148867955
7865.0,0.1261375381729664
7870.0,0.07013740886943151
7875.0,0.05680662245312286
7880.0,0.09320564314351096
7885.0,0.014404388262604172
7890.0,0.006941493670785191
7895.0,-0.005560160904176048
7900.0,0.023209542528172863
7905.0,0.03147816672191583
7910.0,0.00863252281139631
7915.0,0.019515650062905922
7920.0,0.019612185194080277
7925.0,0.0012639508615864062
7930.0,-0.046192931671893256
7935.0,-0.03823758530142032
7940.0,-0.0009567617101976719
7945.0,-0.07794733402856313
7950.0,-0.062211207416450205
7955.0,-0.07509367804009122
7960.0,-0.07583646850594362
7965.0,-0.11043994536817689
7970.0,-0.12625028559035842
7975.0,-0.016542865821743608
7980.0,-0.07213443739946736
7985.0,-0.12900519790386483
7990.0,-0.11632401620515236
7995.0,-0.10098334595750547
8000.0,-0.13811343220473873
8005.0,-0.11560504812576491
8010.0,-0.15862366803939917
8015.0,-0.15674206683935504
8020.0,-0.15409690853981076
8025.0,-0.17058328845545664
8030.0,-0.2354753908647687
8035.0,-0.1660074270276616
8040.0,-0.1632553353232148
8045.0,-0.16098309541276806
8050.0,-0.20894929096944526
8055.0,-0.1723521268623344
8060.0,-0.17944123122207212
8065.0,-0.24188676834217993
8070.0,-0.25746250578401064
8075.0,-0.1793602921878508
8080.0,-0.008044127151449938
8085.0,0.6377314852950539
8090.0,1.6833707990799975
8095.0,2.2728341353609345
8100.0,1.8478529602373264
8105.0,0.841896269508741
8110.0,0.13894100572281007
8115.0,-0.17437130107572846
8120.0,-0.16113894251137834
8125.0,-0.16757679411909074
8130.0,-0.17594808765403985
8135.0,-0.21010450308100012
8140.0,-0.1642116031264442
8145.0,-0.16344290701940922
8150.0,-0.22231869254644435
8155.0,-0.12039093679878511
8160.0,-0.18860135611979728
8165.0,-0.1646872919300358
8170.0,-0.1873597695452169
8175.0,-0.1556625040818135
8180.0,-0.12769098336836623
8185.0,-0.18171649842147178
8190.0,-0.2018868074716571
8195.0,-0.1601879492028915
8200.0,-0.18007948766044887
8205.0,-0.15762043237688345
8210.0,-0.13238878028792453
8215.0,-0.12402683010365396
8220.0,-0.07667610486695195
8225.0,-0.13893747530461228
8230.0,-0.09081949411205759
8235.0,-0.10935897375772011
8240.0,-0.0457480431865225
8245.0,-0.0032861048113155406
8250.0,-0.062293836910327985
8255.0,-0.013327331502604692
8260.0,-0.07150494563302565
8265.0,-0.0955301763054345
8270.0,-0.07752660303737602
8275.0,-0.078585593888896
8280.0,-0.05159944241965961
8285.0,-0.02186774080250871
8290.0,0.028163156515898482
8295.0,0.022988064622944303
8300.0,0.024233986238035687
8305.0,0.005919852738002414
8310.0,0.0052530866194344245
8315.0,0.03614020450525998
8320.0,0.04744307330466364
8325.0,0.059095028810132164
8330.0,0.07056151909751797
8335.0,0.06378990340113869
8340.0,0.017365024513358897
8345.0,0.04930356259603822
8350.0,0.06550466252087676
8355.0,0.148530731455621
8360.0,0.09199676396628681
8365.0,0.1320702057805406
8370.0,0.1625564775156638
8375.0,0.13523445018676505
8380.0,0.11983662326775016
8385.0,0.12898209497635765
8390.0,0.11302613510080116
8395.0,0.15856383349513636
8400.0,0.18862023026799307
8405.0,0.17701427512808357
8410.0,0.18792364567542583
8415.0,0.19089271488605908
8420.0,0.23376714481186084
8425.0,0.15861480027049302
8430.0,0.18602931011981985
8435.0,0.20582755917064238
8440.0,0.22512040145312257
8445.0,0.11758644780280735
8450.0,0.17712824656933163
8455.0,0.1885917870509603
8460.0,0.16567386393394798
8465.0,0.2233391849566283
8470.0,0.20551995192452002
8475.0,0.18773653900053947
8480.0,0.15093964488282774
8485.0,0.16023621359106371
8490.0,0.1700283814137785
8495.0,0.21252536559496366
8500.0,0.16125052981128882
8505.0,0.13434947104615141
8510.0,0.15111975237578693
8515.0,0.17486141833797264
8520.0,0.24040919825063306
8525.0,0.2625293106209261
8530.0,0.16996507224224788
8535.0,0.20933712773155225
8540.0,0.2193584162732159
8545.0,0.2118512504960967
8550.0,0.1655034738212095
8555.0,0.12534334602277242
8560.0,0.14486988985048177
8565.0,0.09849594240287633
8570.0,0.15608293762215178
8575.0,0.16655862933585833
8580.0,0.08050540410753435
8585.0,0.129563525125464
8590.0,0.13348415334725933
8595.0,0.15557200522846387
8600.0,0.15262497603193417
8605.0,0.12828526206856272
8610.0,0.07644482483416708
8615.0,0.07862776028253261
8620.0,0.11828264540200473
8625.0,0.0563097351379386
8630.0,0.06542326216282449
8635.0,0.10560301793627709
8640.0,0.05460111871704024
8645.0,0.0014270633051763487
8650.0,0.025618624951557742
8655.0,0.04542990678606187
8660.0,0.012258684198522418
8665.0,0.044495147120906305
8670.0,0.03978648354947668
8675.0,0.08601272443232642
8680.0,0.47946682847095595
8685.0,1.3744773019625507
8690.0,2.267586870634608
8695.0,2.3323351074685927
8700.0,1.3941296916659311
8705.0,0.5057364926769623
8710.0,0.039264718430282314
8715.0,-0.09841185946243744
8720.0,-0.024594896746882894
8725.0,-0.11367933089318777
8730.0,-0.11228783441214611
8735.0,-0.12394896672380629
8740.0,-0.11819122416278179
8745.0,-0.14342277341193874
8750.0,-0.12397858709914052
8755.0,-0.15025003954994026
8760.0,-0.14786064477239005
8765.0,-0.1304855378733606
8770.0,-0.12609294040340463
8775.0,-0.13864614519063845
8780.0,-0.1799871158518943
8785.0,-0.15096597300988931
8790.0,-0.17118783656994616
8795.0,-0.17516586830378736
8800.0,-0.2277508195443173
8805.0,-0.15973821017245846
8810.0,-0.18755162935660183
8815.0,-0.13534289204094838
8820.0,-0.1701715140488611
8825.0,-0.22538502104073072
8830.0,-0.23523714237555748
8835.0,-0.16138693632167833
8840.0,-0.22366729826097156
8845.0,-0.17804860068431178
8850.0,-0.20842392635275314
8855.0,-0.13675708887598714
8860.0,-0.19759070900272688
8865.0,-0.15430053112776576
8870.0,-0.15917974782886163
8875.0,-0.2121204954615534
8880.0,-0.20681080097489826
8885.0,-0.15074231912889666
8890.0,-0.19327452883963508
8895.0,-0.21703057801670816
8900.0,-0.15219189420727483
8905.0,-0.10812024687869938
8910.0,-0.18311236137317904
8915.0,-0.1362801101505796
8920.0,-0.17914280738370605
8925.0,-0.12932360551008598
8930.0,-0.17261680657757145
8935.0,-0.12058979698516481
8940.0,-0.1391083741948036
8945.0,-0.15552401617076078
8950.0,-0.13725394773996658
8955.0,-0.15471065197483383
8960.0,-0.16608350482653675
8965.0,-0.157609688871082
8970.0,-0.12101258932650369
8975.0,-0.14422768321440263
8980.0,-0.09226072561989697
8985.0,-0.08231750199431345
8990.0,-0.07676951955750719
8995.0,-0.09827639432575783
9000.0,-0.07400577693558785
9005.0,-0.06868322390698994
9010.0,-0.020321820775532212
9015.0,-0.07622321930170761
9020.0,-0.055458618857311515
9025.0,-0.04275829385223706
9030.0,-0.03180198995742147
9035.0,-0.04172122399403143
9040.0,-0.029786450071572414
9045.0,0.027909200914799443
9050.0,-0.013389577001223965
9055.0,0.041631593310058196
9060.0,0.08349680975402958
9065.0,0.06906778472773192
9070.0,-0.015327478697846363
9075.0,0.07030764465145782
9080.0,0.06953358226798907
9085.0,0.0795013714408553
9090.0,0.022231654930658595
9095.0,0.10158069074734102
9100.0,0.05372834528273765
9105.0,0.13272018898817742
9110.0,0.13334858618126283
9115.0,0.18481384723342953
9120.0,0.10364446875383251
9125.0,0.07622738747319949
9130.0,0.15998010738943697
9135.0,0.16106660312896484
9140.0,0.12944500920880134
9145.0,0.1876195823046412
9150.0,0.17307171754707112
9155.0,0.11908929958619555
9160.0,0.152265799745093
9165.0,0.15422848920954452
9170.0,0.16883451711635153
9175.0,0.18210712148512223
9180.0,0.15938280118682224
9185.0,0.17793860614897308
9190.0,0.20484839437237606
9195.0,0.18790966770188344
9200.0,0.18465067947530903
9205.0,0.18592973725510956
9210.0,0.19403759437735607
9215.0,0.14120917934634555
9220.0,0.20479296434921745
9225.0,0.17007080334567948
9230.0,0.20472423221468625
9235.0,0.15763075928824394
9240.0,0.22938582431587295
9245.0,0.20839498340593754
9250.0,0.15996649807395358
9255.0,0.20650364149024952
9260.0,0.1751287364476044
9265.0,0.2501641568033954
9270.0,0.2087140324153855
9275.0,0.16760679746134888
9280.0,0.19546840646962432
9285.0,0.4481196457926733
9290.0,1.1378110575599862
9295.0,2.1361379310226685
9300.0,2.6897902705159034
9305.0,2.0834715655127143
9310.0,1.108859970164789
9315.0,0.48678398339803763
9320.0,0.17437300968200745
9325.0,0.14859739574786765
9330.0,0.14896654971034384
9335.0,0.10947628411842455
9340.0,0.13743309961132233
9345.0,0.09245255961140955
9350.0,0.12007248110956185
9355.0,0.1002433891018065
9360.0,0.07990972290932175
9365.0,0.11502025510350372
9370.0,0.04551848018005666
9375.0,0.08145086738030008
9380.0,0.03521510958048505
9385.0,0.12206745990004578
9390.0,0.1184851106550212
9395.0,0.07659689690390173
9400.0,0.10000598567558008
9405.0,0.05268877427104847
9410.0,0.04291408438074333
9415.0,0.0055829162538092204
9420.0,-0.016846030484908674
9425.0,0.005516597476299631
9430.0,-0.022720195580870725
9435.0,-0.028114695536857554
9440.0,-0.0013956527658633769
9445.0,-0.03534623727199061
9450.0,-0.08653646365404054
9455.0,-0.05433368516794382
9460.0,-0.07877913386007068
9465.0,-0.07265197209466583
9470.0,-0.10456674154040868
9475.0,-0.04331764640859925
9480.0,-0.029782974929226075
9485.0,-0.1276114803113998
9490.0,-0.082030235473051
9495.0,-0.09059468152956349
9500.0,-0.14762232321039084
9505.0,-0.119005533343255
9510.0,-0.08614091164946014
9515.0,-0.10928099610367757
9520.0,-0.09209481402967509
9525.0,-0.1815232435375635
9530.0,-0.17429288329386047
9535.0,-0.14837421528798744
9540.0,-0.15142888314574693
9545.0,-0.16599001224436855
9550.0,-0.18270046020940897
9555.0,-0.18747833254236684
9560.0,-0.19715763199244718
9565.0,-0.16884552299301933
9570.0,-0.26829568775932444
9575.0,-0.1403131931987443
9580.0,-0.20661221100815466
9585.0,-0.23583208929305255
9590.0,-0.17838786264678425
9595.0,-0.23834223016762013
9600.0,-0.18572079695693694
9605.0,-0.21013316393852197
9610.0,-0.18079029464858362
9615.0,-0.1749147165083721
9620.0,-0.15949167718242457
9625.0,-0.21258477964445685
9630.0,-0.20550242482991182
9635.0,-0.1958349846708794
9640.0,-0.23626324990678546
9645.0,-0.17404174914722395
9650.0,-0.1856447328797147
9655.0,-0.22707004535242636
9660.0,-0.14755353087780723
9665.0,-0.139580173565178
9670.0,-0.21644483953844668
9675.0,-0.1558329612082631
9680.0,-0.13123886149577935
9685.0,-0.13902934384266136
9690.0,-0.18884206159558578
9695.0,-0.19623867083292001
9700.0,-0.15242190429581828
9705.0,-0.15821818442100022
9710.0,-0.13769903716370155
9715.0,-0.13443212382125774
9720.0,-0.10917741892550166
9725.0,-0.13525479869524643
9730.0,-0.11652082660075103
9735.0,-0.015656149225467098
9740.0,-0.10144505898356991
9745.0,-0.06813705525587828
9750.0,-0.07410341646880757
9755.0,-0.06859537307160064
9760.0,-0.09474195039820696
9765.0,-0.04369873263551969
9770.0,-0.053078879873857523
9775.0,-0.018935860955334984
9780.0,0.026224289941079927
9785.0,-0.021561623328253517
9790.0,0.004005402536647749
9795.0,-0.041245057154426744
9800.0,0.0012842003683235675
9805.0,0.052645695452133504
9810.0,0.012619098638218414
9815.0,0.00359840738956365
9820.0,0.03715624691722204
9825.0,0.03362627245633468
9830.0,0.040085767761612184
9835.0,0.04418009555106448
9840.0,0.12292073256055061
9845.0,0.04504452975023209
9850.0,0.06651877363990336
9855.0,0.06938992527305021
9860.0,0.1311506052247431
9865.0,0.09286622657980514
9870.0,0.14747283461403782
9875.0,0.12026232871420434
9880.0,0.12129107938182808
9885.0,0.08468414610757882
9890.0,0.17114059842806773
9895.0,0.157087938585197
9900.0,0.158826915541279
9905.0,0.14871683983855255
9910.0,0.1450402686685278
9915.0,0.1245275328332586
9920.0,0.19569080955205173
9925.0,0.1798458978935204
9930.0,0.1651663628642035
9935.0,0.1608873000301687
9940.0,0.186826673022148
9945.0,0.1838496746220569
9950.0,0.2387699132112983
9955.0,0.21528138489845303
9960.0,0.17643106817152593
9965.0,0.16305785602346334
9970.0,0.19072127920636175
9975.0,0.17168269271912548
9980.0,0.20220102194673084
9985.0,0.21258925457640535
9990.0,0.2197585803077752
9995.0,0.21301710956006137
10000.0,0.1943360941684988
10005.0,0.2172348649714211
10010.0,0.1713738902799639
10015.0,0.19418142769565785
10020.0,0.21904962744087486
10025.0,0.20112070883651542
10030.0,0.15181749083910726
10035.0,0.152443098941541
10040.0,0.13546685056555524
10045.0,0.23454472323357722
10050.0,0.13012125723199067
10055.0,0.16835613863048576
10060.0,0.22318616232840832
10065.0,0.19569970972308404
10070.0,0.1979142015650331
10075.0,0.13816744577558251
10080.0,0.169781721122122
10085.0,0.23319106697200914
10090.0,0.1347057403851943
10095.0,0.14194179379297286
10100.0,0.11359559991259967
10105.0,0.11596128616890199
10110.0,0.12067210456103795
10115.0,0.14397821346245757
10120.0,0.06810239875045271
10125.0,0.04483140381590423
10130.0,0.08088197318181671
10135.0,0.07855878050131707
10140.0,0.10689959689082744
10145.0,0.07814069011244201
10150.0,0.02983287541253987
10155.0,0.05743681873007618
10160.0,0.06571905763950005
10165.0,0.03256629452889575
10170.0,0.0054896379068667105
10175.0,0.02766195735101143
10180.0,-0.011620931031770998
10185.0,-0.06532586628527137
10190.0,0.022297758212078977
10195.0,-0.06461443005801285
10200.0,-0.04421256225400443
10205.0,-0.05184028751596186
10210.0,-0.060530643779239474
10215.0,-0.06703984814137301
10220.0,-0.10962713510936825
10225.0,-0.058451982939665664
10230.0,-0.08107836526669068
10235.0,-0.08825284303640589
10240.0,-0.06464808966585146
10245.0,-0.0710172794578396
10250.0,-0.07085480393883103
10255.0,-0.062323865711849585
10260.0,-0.1108530215384938
10265.0,-0.1769825759291131
10270.0,-0.13061047835660874
10275.0,-0.14252499006450417
10280.0,-0.14651090683403165
10285.0,-0.1719995814868999
10290.0,-0.18579359518267097
10295.0,-0.14009627323704307
10300.0,-0.1394660370066265
10305.0,-0.20637978962915482
10310.0,-0.16063810362184913
10315.0,-0.18556754477184512
10320.0,-0.1954888979197591
10325.0,-0.16636507798317707
10330.0,-0.1911466501434221
10335.0,-0.2086250292488361
10340.0,-0.1923834478566922
10345.0,-0.25568065716713
10350.0,-0.21493917204723167
10355.0,-0.21140863089889933
10360.0,-0.24086573390947347
10365.0,-0.19397504978191582
10370.0,-0.19123928681424524
10375.0,-0.21705468244092088
10380.0,-0.20342543237068203
10385.0,-0.17710271166467073
10390.0,-0.16413307121504994
10395.0,-0.2170164531851493
10400.0,-0.18199306201892243
10405.0,-0.1586650632751008
10410.0,-0.18797370844571912
10415.0,-0.20718070184253284
10420.0,-0.20367909194623157
10425.0,-0.18667412423897511
10430.0,-0.20401819079037053
10435.0,-0.10836544491710057
10440.0,-0.18127139503027825
10445.0,-0.14796278627327733
10450.0,-0.14866928254171916
10455.0,-0.1296445293605938
10460.0,-0.1546456737356671
10465.0,-0.17613570267970372
10470.0,-0.08187067514746714
10475.0,-0.12698119213881864
10480.0,-0.11452269277596555
10485.0,-0.10519396606924761
10490.0,-0.06633348922238204
10495.0,-0.07391008812635527
10500.0,-0.05439009891317364
10505.0,-0.05740139292022588
10510.0,-0.06980283695340596
10515.0,-0.0589628541065322
10520.0,-0.08096090761641725
10525.0,-0.10880777936031988
10530.0,-0.049723254365157815
10535.0,-0.06655336507298507
10540.0,0.05148231272973623
10545.0,0.02891775370012718
10550.0,0.025583712683347852
10555.0,-0.017727632169672103
10560.0,0.06888917858855112
10565.0,-0.03567977950635602
10570.0,-0.012514649637014003
10575.0,0.008564052140687676
10580.0,0.01144640297315859
10585.0,0.05228872058048687
10590.0,0.062171566457205195
10595.0,0.12160078952983835
10600.0,0.10205607981972895
10605.0,0.11646964234333705
10610.0,0.09996697941934998
10615.0,0.0904145673173895
10620.0,0.0814933358170867
10625.0,0.0638878625347786
10630.0,0.08995743111796167
10635.0,0.11130914045363954
10640.0,0.15209233798016525
10645.0,0.08486288787791814
10650.0,0.10048103443087951
10655.0,0.15382242739478635
10660.0,0.1212815149736749
10665.0,0.16805910064899293
10670.0,0.15061860499059676
10675.0,0.14510577814735073
10680.0,0.13206679116158834
10685.0,0.1733404960958403
10690.0,0.15809283678560082
10695.0,0.16504696600548052
10700.0,0.1674805004995411
10705.0,0.19502872282945327
10710.0,0.19638723972471367
10715.0,0.14270157330679653
10720.0,0.1911164617710773
10725.0,0.2093949801401845
10730.0,0.2297759703485666
10735.0,0.22290481979812188
10740.0,0.20616107757392715
10745.0,0.16572257498046805
10750.0,0.17667200026769128
10755.0,0.22663401884965287
10760.0,0.1772141479373325
10765.0,0.22780446770054164
10770.0,0.23363095688098354
10775.0,0.16160284693963373
10780.0,0.2044069276115161
10785.0,0.18521477809623113
10790.0,0.2464692235014763
10795.0,0.20751839265522318
10800.0,0.16348555081913901
10805.0,0.1871305348995999
10810.0,0.14318909556112844
10815.0,0.16168711339786174
10820.0,0.16760469828294045
10825.0,0.16087931872596692
10830.0,0.16030291301166272
10835.0,0.11827108916683023
10840.0,0.08403781635719951
10845.0,0.1226632869805725
10850.0,0.1004627111633003
10855.0,0.09968973901547577
10860.0,0.17806767012485097
10865.0,0.14188875850966787
10870.0,0.09463737289592926
10875.0,0.04956327037225625
10880.0,0.04615520549219163
10885.0,0.08832398238445908
10890.0,0.10182107717996006
10895.0,0.053216617387017676
10900.0,0.05794910677048156
10905.0,0.053470783963778926
10910.0,0.0696633544386828
10915.0,-0.02695103806021235
